assumed_electricity_kwh_per_kg,assumed_price_usd_per_mwh,electricity_cost_usd_per_kg,basis
10,20,0.2,Analyst scenario; electricity cost only
10,30,0.3,Analyst scenario; electricity cost only
10,40,0.4,Analyst scenario; electricity cost only
10,50,0.5,Analyst scenario; electricity cost only
10,60,0.6,Analyst scenario; electricity cost only
10,70,0.7,Analyst scenario; electricity cost only
10,80,0.8,Analyst scenario; electricity cost only
10,90,0.9,Analyst scenario; electricity cost only
10,100,1.0,Analyst scenario; electricity cost only
15,20,0.3,Analyst scenario; electricity cost only
15,30,0.45,Analyst scenario; electricity cost only
15,40,0.6,Analyst scenario; electricity cost only
15,50,0.75,Analyst scenario; electricity cost only
15,60,0.9,Analyst scenario; electricity cost only
15,70,1.05,Analyst scenario; electricity cost only
15,80,1.2,Analyst scenario; electricity cost only
15,90,1.35,Analyst scenario; electricity cost only
15,100,1.5,Analyst scenario; electricity cost only
20,20,0.4,Analyst scenario; electricity cost only
20,30,0.6,Analyst scenario; electricity cost only
20,40,0.8,Analyst scenario; electricity cost only
20,50,1.0,Analyst scenario; electricity cost only
20,60,1.2,Analyst scenario; electricity cost only
20,70,1.4,Analyst scenario; electricity cost only
20,80,1.6,Analyst scenario; electricity cost only
20,90,1.8,Analyst scenario; electricity cost only
20,100,2.0,Analyst scenario; electricity cost only
