country,output_2024_t,output_2025_estimate_t,source_id,capacity_2025_t_per_y,production_2024_basis,production_2025_basis,capacity_2025_basis,basis_note,source_url
China,953000,950000,S01,1480000,reported,estimated,estimated,USGS primary series; 2025 estimated; zero represents source dash; basis columns distinguish reported from estimated; world rounded,https://pubs.usgs.gov/periodicals/mcs2026/mcs2026-magnesium-metal.pdf
Russia,59000,60000,S01,81000,estimated / rounded national series,estimated,estimated,USGS primary series; 2025 estimated; zero represents source dash; basis columns distinguish reported from estimated; world rounded,https://pubs.usgs.gov/periodicals/mcs2026/mcs2026-magnesium-metal.pdf
Brazil,20000,20000,S01,22000,estimated / rounded national series,estimated,estimated,USGS primary series; 2025 estimated; zero represents source dash; basis columns distinguish reported from estimated; world rounded,https://pubs.usgs.gov/periodicals/mcs2026/mcs2026-magnesium-metal.pdf
Israel,17000,20000,S01,34000,reported,estimated,reported,USGS primary series; 2025 estimated; zero represents source dash; basis columns distinguish reported from estimated; world rounded,https://pubs.usgs.gov/periodicals/mcs2026/mcs2026-magnesium-metal.pdf
Türkiye,15000,15000,S01,15000,estimated / rounded national series,estimated,reported,USGS primary series; 2025 estimated; zero represents source dash; basis columns distinguish reported from estimated; world rounded,https://pubs.usgs.gov/periodicals/mcs2026/mcs2026-magnesium-metal.pdf
Kazakhstan,15000,13000,S01,21000,estimated / rounded national series,estimated,estimated,USGS primary series; 2025 estimated; zero represents source dash; basis columns distinguish reported from estimated; world rounded,https://pubs.usgs.gov/periodicals/mcs2026/mcs2026-magnesium-metal.pdf
Iran,5000,5000,S01,6000,estimated / rounded national series,estimated,estimated,USGS primary series; 2025 estimated; zero represents source dash; basis columns distinguish reported from estimated; world rounded,https://pubs.usgs.gov/periodicals/mcs2026/mcs2026-magnesium-metal.pdf
United States,0,0,S01,64000,zero,zero,reported,USGS primary series; 2025 estimated; zero represents source dash; basis columns distinguish reported from estimated; world rounded,https://pubs.usgs.gov/periodicals/mcs2026/mcs2026-magnesium-metal.pdf
Other countries,0,0,S01,42000,zero,zero,estimated,USGS primary series; 2025 estimated; zero represents source dash; basis columns distinguish reported from estimated; world rounded,https://pubs.usgs.gov/periodicals/mcs2026/mcs2026-magnesium-metal.pdf
World (rounded),1080000,1100000,S01,1800000,estimated / rounded national series,estimated,estimated,USGS primary series; 2025 estimated; zero represents source dash; basis columns distinguish reported from estimated; world rounded,https://pubs.usgs.gov/periodicals/mcs2026/mcs2026-magnesium-metal.pdf
