producer_id,producer,facility,raw_feedstock,source_and_purchase_boundary,prepared_feed_and_route,grade_and_analytical_basis,consumption_ratio_and_boundary,supply_constraints,source_ids,source_urls
baowu,Baowu Magnesium (formerly Yunhai),"Chaohu, Anhui; Wutai, Shanxi; associate Anhui Baomei at Qingyang; Gansu Baomei supplies ferrosilicon",Dolomite; ferrosilicon reductant and alloy additions. Raw carbonate rock is distinct from calcined dolime entering the reduction blend.,"Controlled dolomite resources: Chaohu about 90 million t, Wutai 580 million t; associate Baomei at Qingyang about 1.3 billion t. H1 2026 report confirms Chaohu mining, while Wutai mine safety-design approval was still progressing. These are resource holdings, not annual feed. Gansu’s approximately 14 million t quartz resource supports the silicon/ferrosilicon chain, not the magnesium mineral input. The first furnace of Gansu Baomei’s planned 300,000 t/y FeSi project started in May 2026, prioritizing internal Mg plants. Purchased suppliers remain unnamed.",Mine and crush dolomite → calcine to dolime and prepare a ferrosilicon-bearing charge → vacuum silicothermic reduction using the group’s vertical-retort technology → condense/refine magnesium → sell ingot/alloy or consume it in component production. The filing describes the group route; a plant-by-plant technology allocation is not given.,"No facility-linked dolomite MgO/Mg assay, impurity analysis or prepared-charge specification located. Resource tonnage does not establish metallurgical grade.",No disclosed plant-boundary t dry dolomite/t primary Mg or reductant consumption found.,Wutai mine approvals and Gansu FeSi ramp-up constrain how resource ownership can be interpreted as available captive supply. The full FeSi project nameplate is not the capacity of the first commissioned furnace. Qingyang mining was partly developed in January 2026.,S02 S03 S04 S82 S90,https://static.cninfo.com.cn/finalpage/2026-04-29/1225223859.PDF ; https://static.cninfo.com.cn/finalpage/2026-04-29/1225223882.PDF ; https://static.cninfo.com.cn/finalpage/2026-01-28/1224953486.PDF ; https://money.finance.sina.com.cn/corp/view/vCB_AllBulletinDetail.php?id=12522497&stockid=002182 ; https://www.yizumi.com/en/news/product/DCM/yizumi-powers-magnesium-mass-production-for-seres-baowu-magnesium
tianyu,Shaanxi Tianyu Magnesium Group,"Fugu / Laogaochuan, Shaanxi; Tianyu and related Xiyuan operations","Dolomite, ferrosilicon and fuel gas associated with the coal/semi-coke complex.","Fugu industrial cluster. Specific dolomite quarry, current supplier and proportion of internally supplied ferrosilicon are undisclosed. Do not treat regional coal mining as magnesium mineral supply.",Dolomite preparation and calcination → dolime/ferrosilicon charge → silicothermic magnesium production → refining and alloy casting. Commercial integration is documented; a current facility process audit was not located.,No source-matched ore or calcined-feed assay located; no numerical impurities disclosed.,No annual mine-to-metal or charge-to-metal mass balance located.,"The chairman described dolomite mining restrictions, transport and ferrosilicon availability/cost constraints in 2019. These are historical dependencies, not proof of current interruption.",S05 S06 S07,https://cdn.ymaws.com/www.intlmag.org/resource/resmgr/conf2018/session3-1-lin-ruhai.pdf ; https://wap.asianmetal.com/cag/2018/visit2018112801En.shtml ; https://www.asianmetal.com/Events_2019/2019MgF/Index_eventBM_en.asp
yinguang,Yinguang / Yinguang Huasheng,"Wenxi, Shanxi; Yinguang Huasheng and related group facilities",Dolomite for primary metal; ferrosilicon reductant; primary metal then enters the alloy/fabrication chain.,"Company describes integrated mineral-to-metal operations in Wenxi. Exact quarry, annual mine draw and external purchase share not disclosed in reviewed material.","Dolomite → calcined feed → thermal reduction → crude metal refining/alloying → wrought/forged products. Integrated operations are supported, but a current Huasheng-specific reduction specification was not found; this route is a synthesis rather than an equipment-level verification.","Dolomite MgO content, moisture basis, silica/iron limits and prepared blend grade are undisclosed.",No documented feed-to-primary-metal ratio found.,No facility-specific current feed disruption established; mining and smelting integration does not eliminate reductant and energy dependencies.,S05 S08 S09 S10 S83,https://cdn.ymaws.com/www.intlmag.org/resource/resmgr/conf2018/session3-1-lin-ruhai.pdf ; https://ygmg.foundry.cn/ ; https://ijzt.china9.cn/component/jwpagefactory/?company_id=5136&id=ODk3NDQ%3D&layout_id=10564&site_id=4922&view=page ; https://www.yunchengdaily.cn/content/2026-09/21/content_27118820.html ; https://www.newportmetals.net/magnesium-anodes.html
bada,Shanxi Bada Magnesium,"Bailin, Guojiazhuang, Wenxi, Shanxi",Dolomite from an associated mine; calcined dolomite is the prepared mineral feed. Reductant sourcing is not detailed.,Company claims a dolomite mine about 8 km from the plant and resources around 200 million t. This supports captive provenance; no current mine output or audited reserve classification provided.,Dolomite quarrying/preparation → calcination and thermal reduction → refining/alloying → ingots and cast components. The mineral-to-product chain is described commercially; current retort configuration is not verified.,No numerical feed assay or impurity limits located. Advertised high purity must not be converted into a numerical ore grade.,No supported dolomite or reductant consumption per tonne of metal.,Captive nearby mineral source is documented; current external reductant and energy supply terms are undisclosed.,S05 S10 S11 S14 S84,https://cdn.ymaws.com/www.intlmag.org/resource/resmgr/conf2018/session3-1-lin-ruhai.pdf ; https://www.yunchengdaily.cn/content/2026-09/21/content_27118820.html ; https://www.chinese-mg.com/en/ ; https://pubs.usgs.gov/myb/vol3/2023/myb3-2023-china.pdf ; https://wap.asianmetal.com/cag/2026/visit2026030302En.shtml
jinwantong,Fugu Jinwantong Magnesium,"Fugu, Shaanxi",Dolomite-based regional thermal route; ferrosilicon and fuel required. Plant-specific mineral contract not located.,Fugu location documented; exact quarry/supplier and internal-versus-purchased feed split unknown.,"A February 2026 Fugu report identifies a Jinwantong silicothermic Mg99.95A demonstration line in stable trial operation. In this thermal route, prepared oxide feed is reduced with a silicon-bearing charge, then metal is condensed/refined. The site’s full feed-preparation specification and other-line status remain unverified.","No feed or prepared-charge assay located. Mg99.95A is a final-product designation in the demonstration report, not a feed assay.",No documented feed-to-metal ratio.,March 2026 maintenance affected a reported 120 t/day rate; it is not multiplied by 365. A completed restart was not verified.,S05 S06 S12 S14 S88,https://cdn.ymaws.com/www.intlmag.org/resource/resmgr/conf2018/session3-1-lin-ruhai.pdf ; https://wap.asianmetal.com/cag/2018/visit2018112801En.shtml ; https://list1.m.mysteel.com/zhishi/meichanliang.html ; https://pubs.usgs.gov/myb/vol3/2023/myb3-2023-china.pdf ; https://thj.m.mysteel.com/a/26020911/778E924175D0DCFE_abc.html
yide,Fugu Yide Magnesium Alloy,"Guojiawan industrial park, Fugu, Shaanxi","Dolomite; ferrosilicon; small fluorite addition. Dolomite is first calcined, then ground and briquetted with the reductant.","Dolomite quarry/supplier undisclosed. Site has 10,000 t/y ferrosilicon and 300,000 t/y semi-coke capacities; these establish integration, not proof that all reductant is internally supplied.",Calcine dolomite → grind with ferrosilicon and a small fluorite addition → briquette → Pidgeon vacuum reduction → refine crude magnesium and cast saleable ingot. This route is explicitly described for this facility.,"No feed MgO assay or impurity limits provided. Reported grade-one/grade-two product proportions are product classification yields, not ore recovery.",No t dolomite/t Mg or reductant consumption disclosed.,Documented industrial integration links production to ferrosilicon and semi-coke operations; no specific supply interruption established.,S13,https://wap.asianmetal.com/cag/2025/visit2026020402En.shtml
huiye,Ningxia Huiye Magnesium,Historical Ningxia operation; successor facility boundary unresolved,Mineral and purchased-intermediate details not established by reviewed company-specific sources.,"Mine, supplier and internal sourcing share undisclosed in reviewed evidence.","Historical producer table establishes primary metal output, but does not verify the facility’s present production route. A China-wide Pidgeon assumption is not promoted to a plant-specific fact.",No feed or prepared-material assays located.,No ratio disclosed.,Bankruptcy liquidation prevents treating the historical corporate capacity as confirmed current supply. Successor operating arrangements have not been verified.,S05 S78,https://cdn.ymaws.com/www.intlmag.org/resource/resmgr/conf2018/session3-1-lin-ruhai.pdf ; https://pccz.court.gov.cn/pcajxxw/pcgg/ggxq?id=40709488462a4166870b4d4f41cad46e
regal,Regal Metal / Shanxi Regal Magnesium,Group bases in Shanxi and Shandong; primary-smelter allocation unresolved,No sufficiently sourced facility-level raw-feed/purchased-intermediate inventory located.,Mine or supplier provenance and captive/purchased split remain unknown.,"Identified in producer statistics, but facility-specific operating process not verified in reviewed sources. Regional thermal production is context only.","Feed grade, impurities and prepared-feed specification undisclosed.",No feed-to-product ratio located.,No company-specific supply constraint established.,S05 S14 S79,https://cdn.ymaws.com/www.intlmag.org/resource/resmgr/conf2018/session3-1-lin-ruhai.pdf ; https://pubs.usgs.gov/myb/vol3/2023/myb3-2023-china.pdf ; https://regal-metal.com/api/about.html
remt,Rare Earth Magnesium Technology Group (REMT),"Xinjiang Tengxiang, Hami; Baishan Tianan, Jilin",Dolomite for thermal production; ferrosilicon reductant. Hami energy integration relies on semi-coke gas.,"Baishan circular describes a captive dolomite mine about 12 km from the plant, historical mining capacity 450,000 t/y and 23.027 million t resource as of 2009. These facts do not establish feed to Hami, whose quarry source is undisclosed.",Historical dolomite calcination → thermal reduction → refining/alloy production. During Hami upgrades the group plans trading and commissioned processing; purchased finished metal/alloy is therefore distinct from its own primary production. Baishan’s newly commercial ore-powder line is not a magnesium smelter.,No mine-specific MgO/Mg assay or prepared-charge impurity analysis verified.,Mine capacity is not feed consumption; no defensible t ore/t Mg ratio.,Hami environmental rectification requires semi-coke facilities to be upgraded; financing constraints prompted suspension arrangements. Current restart date unverified.,S14 S15 S16 S17 S92,https://pubs.usgs.gov/myb/vol3/2023/myb3-2023-china.pdf ; https://www1.hkexnews.hk/listedco/listconews/sehk/2026/0430/2026043000040_c.pdf ; https://www.cfi.net.cn/p20260819003853.html ; https://www.hkexnews.hk/listedco/listconews/sehk/2017/1026/ltn201710261085.pdf ; https://financialfilings.com/filings/rare-earth-magnesium-technology-group-holdings-limited/interim-quarterly-report/2026/60246212/
dead-sea-magnesium,Dead Sea Magnesium (ICL),"Sodom, Dead Sea Works complex","Dead Sea brine is the raw resource. Carnallite recovered by the integrated Dead Sea Works evaporation system is the magnesium-rich intermediate; the electrolyser requires prepared, dehydrated chloride feed.",Internally integrated supply from the northern Dead Sea basin through Dead Sea Works ponds and carnallite harvesting. No outside mine is required for this principal magnesium feed.,Evaporate brine and harvest carnallite → prepare/dehydrate chloride salts → VAMI-type molten-salt electrolysis → refine magnesium and alloy/cast saleable metal. Chlorine participates in the wider integrated chemical complex.,"No current plant feed Mg concentration or impurity specification located. ICL’s approximately 20% KCl figure describes harvested potash-bearing material, not elemental Mg grade.","No public, boundary-consistent brine-volume or carnallite-mass consumption per tonne of magnesium found.","Continuous power, pond salt harvesting and reliable brine access underpin production. Concession expiry in 2030 and regional logistics/security are disclosed risks.",S01 S18 S19 S20 S21 S22 S91,https://pubs.usgs.gov/periodicals/mcs2026/mcs2026-magnesium-metal.pdf ; https://financialfilings.com/filings/icl-group-ltd/annual-report/2026/32926978/ ; https://mayafiles.tase.co.il/rpdf/1650001-1651000/P1650877-00.pdf ; https://www.gov.il/BlobFolder/news/press_16092024/en/PressReleases_eng_press_16092024_file2.pdf ; https://www.confer.cz/metal/2016/download/1804-aluminium-and-magnesium-production-changes-and-perspectives.pdf ; https://www.usgs.gov/centers/national-minerals-information-center/israel ; https://investors.icl-group.com/reports-news-and-events/press-releases/press-releases-details/2026/ICL-Reports-Second-Quarter-2026-Results/default.aspx
rima,RIMA Industrial,"Bocaiúva, Minas Gerais","Dolomite plus ferrosilicon. Prepared reduction mix reported as about 85% calcined dolomite and 15% ferrosilicon; reductant contains about 75% Si. Quartz, charcoal and iron-bearing materials used for ferrosilicon are auxiliary upstream inputs, not magnesium ore.",Company reports its own high-purity dolomite supply; exact mine name and numerical assay were not located. Ferrosilicon is produced within RIMA’s integrated operations.,"Calcine dolomite → grind/briquette the oxide feed with ferrosilicon and silicon reductants → proprietary RIMA vacuum silicothermic reduction → condense magnesium crystals → refine and cast ingot/alloy, make powder or feed component production. SECEX’s September 2026 description of Bocaiúva specifies internal heating around 1,200 °C for approximately 10 hours before crystal recovery, with heat recovery between charge columns. These are described process conditions, not an annual throughput or recovery guarantee.","Dolomite assay undisclosed. The 75% Si figure is reductant composition; minimum 99.8% Mg refers to saleable raw metal, not ore.",85:15 is prepared-charge mass composition; it is not 85 t ore per 15 t metal and does not yield a mine-to-metal consumption factor. No such factor disclosed. The same notice reverses the respective percentages in stage iv; the explicit 85% dolime / 15% FeSi statement comes from stage i.,"Captive mineral/reductant integration is documented. Government review identifies RIMA as the entire domestic primary raw-magnesium industry for Apr 2025–Mar 2026, but withholds production tonnage.",S01 S23 S24 S25 S26,https://pubs.usgs.gov/periodicals/mcs2026/mcs2026-magnesium-metal.pdf ; https://www.legisweb.com.br/legislacao/?id=501871 ; https://www.legisweb.com.br/legislacao/?id=456519 ; https://www.otempo.com.br/minas-sa/2026/7/4/ricardo-vicintin-do-grupo-rima-criou-gigante-da-metalurgia-global ; https://pt.linkedin.com/posts/rimaindustrial_magnesio-industria-dolomita-activity-7009567775870361600-wJ--
solikamsk,Solikamsk Magnesium Works (SMZ),"Solikamsk, Perm Krai",Carnallite chloride mineral; dried/dehydrated salt is the prepared electrolysis feed.,"Historical supply from Uralkali’s Verkhnekamskoye carnallite operations. Uralkali’s 2024 report confirms Solikamsk-1 carnallite mining/processing, but a present SMZ purchase contract was not found. Feed is historically purchased, not a demonstrated SMZ-owned mine.",Prepare/dehydrate carnallite → molten-salt electrolysis → refine and cast magnesium/alloys. Chlorine supports the integrated chemical chain. Company confirms electrolytic magnesium manufacture. A February 2026 company repair announcement confirms carnallite dehydration within the magnesium-electrolysis department.,No current contracted raw-carnallite assay or electrolyser-feed impurity specification verified.,No annual feed-to-metal consumption boundary located; co-production of chlorine complicates allocation.,"SMM reported equipment upgrades constraining output in March 2026. Its monthly signal is not annualized. Historical dependence on external carnallite remains a supply-chain consideration, not proof of current shortage.",S01 S27 S28 S29 S30 S31 S89,https://pubs.usgs.gov/periodicals/mcs2026/mcs2026-magnesium-metal.pdf ; https://www.smw.ru/news/novosti/smz-vypustil-1-250-000-tonn-magniya/ ; https://www.uralkali.com/upload/iblock/d1f/ybkimixkd5jmjdoarqtsrtnums0m1hai/uralkali_ar2024_eng.pdf ; https://reports.aiidatapro.com/brokers/RMGEn/040713MGNZEN.pdf ; https://static-metal.smm.cn/production/subscribe/email/IozJG20260311155122.pdf ; https://lelementarium.fr/element-fiche/magnesium/ ; https://www.smw.ru/news/novosti/start-modernizatsii-i-kapremonta/
uktmp,Ust-Kamenogorsk Titanium and Magnesium Plant (UKTMP),"Öskemen (Ust-Kamenogorsk), East Kazakhstan",Purchased/prepared carnallite feed and internally returned MgCl2 from titanium reduction. Virgin mineral input and recycled chloride are separate magnesium sources.,External carnallite mine/supplier not disclosed in the reviewed technical reference. Titanium mineral resources cannot be substituted as the source of magnesium. Internal MgCl2 arises when magnesium reduces titanium chloride.,"Prepare/dehydrate chloride feed → electrolyse to magnesium → refine → mostly return metal to titanium reduction, with some merchant ingots. MgCl2 generated in titanium production is returned for electrolysis; this is internal regeneration, not new virgin metal each cycle. The 2025 technical reference describes melting/chlorination/settling during final carnallite preparation, then metal refining and grade/melt identification for merchant ingot. This prepared-feed chain is distinct from the returned MgCl2 stream.","Prepared anhydrous carnallite: MgCl2 ≥50% (grade A) or ≥48% (B), MgO ≤0.80%, carbon ≤0.08%. These are percentages of the prepared salt, not elemental Mg or mined ore grade.",No defensible virgin-feed/primary-metal factor derived from gross plant throughput because the internal chloride loop is substantial.,Electricity and external chloride makeup support an integrated titanium cycle; supplier identity and present makeup availability undisclosed.,S01 S32 S33 S34,https://pubs.usgs.gov/periodicals/mcs2026/mcs2026-magnesium-metal.pdf ; https://www.uktmp.kz/en/production ; https://bizup.kz/ru/documents/p2500000339 ; https://kase.kz/en/information/news/show/1568367
kar-mineral,Kar Mineral Madencilik,"Tepeköy / Emirdağ, Afyonkarahisar","Dolomite and ferrosilicon-based reductant; prepared feed is calcined, ground and pelletized material.","National inventory documents dolomite mining in the process chain; specific supplying quarry, contract and internal/purchased share not disclosed. Do not confuse similarly named decorative-stone businesses with this feed source.","Mine/crush dolomite → calcine, grind and pelletize reduction feed → Pidgeon silicothermic reduction → refine and cast magnesium. The national inventory specifically identifies Kar Mineral and production since 2016.",No facility-specific raw or calcined feed assay or impurity limits located.,No supported t dolomite/t Mg factor located.,"No current documented company-specific feed disruption; mineral, reductant and energy sources remain material disclosure gaps.",S01 S35 S36 S37,https://pubs.usgs.gov/periodicals/mcs2026/mcs2026-magnesium-metal.pdf ; https://unfccc.int/sites/default/files/resource/TUR_NID_2026.pdf ; https://www.usgs.gov/centers/national-minerals-information-center/turkey ; https://www.emirdag.gov.tr/vali-yigitbasidan-kar-mineral-madencilige-ziyaret
ferdows,Ferdows magnesium project / Shemsh Felez Royal,"Ferdows, South Khorasan","Dolomite, ferrosilicon and fluorite; natural gas supplies process heat.","Contractor describes a domestic mineral-based project. Specific dolomite mine, grade, supply contract and reductant supplier are not disclosed.",Calcine dolomite → prepare reductant-bearing briquettes → Pidgeon thermal reduction → condense/refine magnesium → ingots. Contractor documents completion in 2013 and design scope.,No plant-specific feed or prepared-charge assay located.,No consumption ratio located.,"A September 2026 ministry-attributed report describes the Royal/Ferdows unit as idle. The original article was inaccessible; status is retained as reported, not as an audited plant finding. Current feed availability is unknown.",S01 S38 S39 S86,https://pubs.usgs.gov/periodicals/mcs2026/mcs2026-magnesium-metal.pdf ; https://arami-co.com/fields-of-work/metallurgical-industry/magnesium-ignot/ ; https://www.zkcomp.com/cases/Iran-6000t/a-Mg-Plant-Project.html ; https://khabarfarsi.com/w/moi.ir/date/14050613
us-magnesium,US Magnesium,"Rowley, Utah, Great Salt Lake","Great Salt Lake brine, concentrated in company evaporation ponds; purified/dehydrated chloride is the production intermediate.","Direct lake-brine extraction and internal concentration, not purchased ore. Company describes concentration from about 0.5% Mg in lake brine to 9% Mg in pond concentrate.",Concentrate brine → remove interfering constituents and prepare dry chloride → molten-salt electrolysis → refine/alloy and cast magnesium. This is the historical Rowley route; current marketing pages do not prove operation.,"0.5% and 9% are company-stated Mg concentrations, not MgO or MgCl2 percentages. A full contemporaneous impurity analysis and dry electrolyser-feed specification were not located.",Concentration increase is not a recovery or lake-volume/metal consumption factor. No complete plant water/salt mass balance located.,"Falling lake levels historically drove canal extension to preserve brine access. After the 2026 state asset purchase, Utah offered the former property for mineral-extraction and processing redevelopment. Lake protection and redevelopment both matter; the offering does not establish a selected operator or magnesium restart.",S01 S40 S41 S42 S43 S66 S87,https://pubs.usgs.gov/periodicals/mcs2026/mcs2026-magnesium-metal.pdf ; https://cases.stretto.com/usmagnesium/ ; https://usmagnesium.com/about-us-mag/ ; https://usmagnesium.com/environment/solar-energy/ ; https://deq.utah.gov/water-quality/us-magnesium-canal-continuation-project-section-401-water-quality-certification-decision ; https://greatsaltlake.utah.gov/faq/ ; https://ffsl.utah.gov/state-lands/sovereign-lands/permits/
avisma,VSMPO-AVISMA — Berezniki magnesium operations,"AVISMA, Berezniki, Perm Krai",Historically carnallite and internally recycled magnesium chloride from titanium production.,Historical Uralkali carnallite supply is documented in court records. Current mine/supplier terms and fresh-versus-returned chloride split are undisclosed.,Prepare chloride feed → electrolyse magnesium → use magnesium in titanium-chloride reduction → recycle resulting MgCl2. Gross circulating metal is not necessarily new primary supply.,No current feed assay or prepared-electrolyte specification verified.,No valid virgin-feed-to-primary-metal ratio established.,A 2026 industry bulletin reports cessation of primary smelting. This does not establish closure of the entire titanium complex or cessation of internal regeneration.,S30 S44,https://static-metal.smm.cn/production/subscribe/email/IozJG20260311155122.pdf ; https://www.cit.uscourts.gov/sites/cit/files/10-93.pdf
qinghai,Qinghai Salt Lake Magnesium / former Magontec chain,"Golmud / Qarhan Salt Lake, Qinghai","Magnesium-rich salt-lake brine/chloride intermediate; purified, dehydrated chloride feeds electrolysis.",Qarhan salt-lake resource at Golmud. Magontec bought/received primary liquid magnesium for alloy conversion; that does not make it a second primary smelter.,"Brine/chloride preparation → dehydration and electrolysis at the upstream complex → liquid magnesium → former Magontec alloy casthouse → alloy products. A 2025 one-cell trial separately documented chloride melting/purification before electrolysis, including MgO below 0.06% in prepared molten MgCl2. Trial performance does not establish continuous whole-site operation.","A 2025 trial reports prepared molten MgCl2 feed with MgO below 0.06%; this is an impurity in the prepared melt, not Mg content of lake brine. No current raw-brine assay or full impurity panel located.",Trial melting/purification reports 99.12% MgCl2 recovery. This is not a fresh-brine-to-metal yield; different campaign periods prevent a defensible overall feed/product ratio.,Magontec’s 2025 report records the Qinghai operation’s 2024 production cessation and entity closure in May 2025. Assets transferred to QSLM; the report alone does not prove permanent closure of all upstream electrolysis. A 2025 trial reports resolution of excess nickel in product; later commercialization still requires process scale-up.,S45 S47 S80 S81 S85 S94,https://magontec.com/wp-content/uploads/2026/02/Magontec-Limited-2025-Annual-Report-Final.pdf ; https://magontec.com/wp-content/uploads/2025/02/Magontec-Limited-2024-Annual-Report-Final.pdf ; https://www.cnmn.com.cn/ShowNews1.aspx?id=461529 ; https://cmnltd.minmetals.com.cn/jtdt/202609/t20260914_317704.html ; https://www.qhnews.com/newscenter/system/2026/07/16/030583845.shtml ; https://vip.stock.finance.sina.com.cn/corp/view/vCB_AllBulletinDetail.php?id=12448670&stockid=300631
magontec,Magontec,"Bottrop, Germany; Sântana, Romania; Xi’an, China (anodes)","Industrial magnesium diecasting scrap; purchased primary alloy/metal; alloying additions. These are metal-bearing inputs, not virgin mineral ore.","European automotive diecasters return scrap to Bottrop/Sântana. A new, unnamed Chinese primary-alloy supplier supported 2025 distribution; no supplier identity is inferred from the phrase “world’s largest.”","Collect and segregate production scrap → remelt/clean and adjust chemistry → cast reusable alloy → return to diecasters. Separately buy/distribute primary alloy and manufacture sacrificial anodes. This is recycling/alloy conversion, not new primary extraction.","Feed is alloy-dependent; lot-level Mg content, oils/oxides and acceptance limits are not disclosed. Product alloy labels are not assays of the total scrap stream.","The 2024 report describes 40–50% of diecaster input returning as production scrap. That is a caster-loop fraction, not recycler metal loss or virgin-feed yield.","Automotive casting activity controls scrap availability. Following Qinghai exit, external primary-alloy supply is needed to service customers.",S45 S46 S47 S67,https://magontec.com/wp-content/uploads/2026/02/Magontec-Limited-2025-Annual-Report-Final.pdf ; https://magontec.com/wp-content/uploads/2024/08/Magontec-2024-Half-Year-Results-Presentation.pdf ; https://magontec.com/wp-content/uploads/2025/02/Magontec-Limited-2024-Annual-Report-Final.pdf ; https://magontec.com/wp-content/uploads/2026/08/Magontec-30-June-2026-Half-Year-Report.pdf
amacor,Advanced Magnesium Alloys Corporation (AMACOR),"Anderson, Indiana",Magnesium alloy production scrap and metal inputs; contract recycling streams.,"Customer diecasting/industrial scrap; individual suppliers, geographic allocation and primary-metal top-up suppliers undisclosed.",Sort/prepare compatible scrap → remelt and refine → adjust alloy chemistry → cast alloy ingots or return customer metal. The operation supplies secondary metal/alloys rather than extracting virgin magnesium from ore.,No representative incoming scrap Mg assay or contamination limits found; alloy designation alone is not a mixed-feed analysis.,No published scrap-in/alloy-out mass balance found.,Supply depends on suitable segregated scrap and customer casting activity; a current company-specific disruption was not established.,S48 S49 S50,https://amacor.us/products ; https://www.usitc.gov/sites/default/files/publications/701_731/pub5420.pdf ; https://www.scrapmonster.com/scrap-yard/advanced-magnesium-alloys-corporation/36988
luxfer,Luxfer MEL Technologies / Elektron,"Manchester area, United Kingdom; this profile does not aggregate all global Luxfer sites","Purchased magnesium/alloying inputs and returned machining chips, swarf and turnings. Group alloy recipes use rare-earth metals including yttrium, gadolinium and neodymium; this does not identify a specific batch or supplier.",Customer machining waste and internally generated manufacturing scrap. Primary-metal smelter suppliers and exact return-stream shares undisclosed. Company identifies purpose-built Manchester recycling capability.,Accept segregated machining returns → prepare/remelt compatible metal → adjust/refine alloy → cast/work material and machine finished parts → return internal scrap to recycling. No virgin ore-to-metal extraction is established at the covered operation.,Return value and acceptance depend on alloy identity and contamination; no representative incoming-feed Mg content or numerical oil/water limits verified.,No disclosed scrap-to-recovered-alloy mass balance or primary top-up ratio.,"Segregation and contaminated machining waste constrain recycling. At group level, some alloy rare-earth inputs are sourced from China; named magnesium-smelter suppliers remain unverified.",S51 S52 S68 S69 S70,https://www.luxfermeltechnologies.com/knowledge-hub/machined-magnesium-guide/ ; https://www.luxfermeltechnologies.com/elektron-finished-parts/ ; https://financialfilings.com/filings/luxfer-holdings-plc/annual-report/2026/32887439/ ; https://www.sec.gov/Archives/edgar/data/1096056/000143774926024682/lxfr20260628_10q.htm ; https://www.sec.gov/Archives/edgar/data/1096056/000207709626000244/ea0304990-8k_luxfer.htm
