producer_id,producer,documented_buyer_or_partner,intermediate_product,final_application,relationship_basis,source_ids,source_urls
baowu,Baowu Magnesium (formerly Yunhai),"Geely StarDrive, VREMT and ZF: disclosed batch component deliveries. Other vehicle-program nominations are future/qualification relationships, not confirmed metal purchases. A May 2026 YIZUMI announcement documents magnesium component mass production for SERES and Baowu; this is downstream supply, not an ingot offtake volume.",Internally made magnesium alloy → motor housings and other diecast components,"Company-specific vehicle drivetrain/lightweight components; separate overseas metal/alloy markets in Europe, North America and Southeast Asia.",Current component customers; not necessarily buyers of magnesium ingot,S02 S03 S04 S82 S90,https://static.cninfo.com.cn/finalpage/2026-04-29/1225223859.PDF ; https://static.cninfo.com.cn/finalpage/2026-04-29/1225223882.PDF ; https://static.cninfo.com.cn/finalpage/2026-01-28/1224953486.PDF ; https://money.finance.sina.com.cn/corp/view/vCB_AllBulletinDetail.php?id=12522497&stockid=002182 ; https://www.yizumi.com/en/news/product/DCM/yizumi-powers-magnesium-mass-production-for-seres-baowu-magnesium
tianyu,Shaanxi Tianyu Magnesium Group,No current named buyer or offtake counterparty verified.,Ingot → external alloy makers / casters; downstream allocation undisclosed,No independently documented company-specific final application allocation; generic industry uses are shown separately.,Buyer undisclosed,S05 S06 S07,https://cdn.ymaws.com/www.intlmag.org/resource/resmgr/conf2018/session3-1-lin-ruhai.pdf ; https://wap.asianmetal.com/cag/2018/visit2018112801En.shtml ; https://www.asianmetal.com/Events_2019/2019MgF/Index_eventBM_en.asp
yinguang,Yinguang / Yinguang Huasheng,Newport Metals describes itself as the exclusive North American distributor of Yinguang cast magnesium anodes. Individual end buyers remain unnamed. Internal fabrication also consumes metal.,Magnesium alloy → cast sacrificial anodes; separate alloy → forged wheel blanks,Yinguang cast anodes distributed into pipe and tank corrosion protection; separate company-supported vehicle wheel chain. Newport’s other extruded products are not all assigned to Yinguang.,Current distributor page (undated); internal fabrication; end customers unnamed,S05 S08 S09 S10 S83,https://cdn.ymaws.com/www.intlmag.org/resource/resmgr/conf2018/session3-1-lin-ruhai.pdf ; https://ygmg.foundry.cn/ ; https://ijzt.china9.cn/component/jwpagefactory/?company_id=5136&id=ODk3NDQ%3D&layout_id=10564&site_id=4922&view=page ; https://www.yunchengdaily.cn/content/2026-09/21/content_27118820.html ; https://www.newportmetals.net/magnesium-anodes.html
bada,Shanxi Bada Magnesium,Affiliated Meridian is a downstream automotive fabricator. Named OEMs in group marketing are not verified direct Bada metal buyers.,Alloy → motor and gearbox housings; exact internal metal transfer undisclosed,2026 reporting supports new-energy-vehicle castings sold to unnamed vehicle manufacturers.,Affiliation and sector evidence; direct metal customers undisclosed,S05 S10 S11 S14 S84,https://cdn.ymaws.com/www.intlmag.org/resource/resmgr/conf2018/session3-1-lin-ruhai.pdf ; https://www.yunchengdaily.cn/content/2026-09/21/content_27118820.html ; https://www.chinese-mg.com/en/ ; https://pubs.usgs.gov/myb/vol3/2023/myb3-2023-china.pdf ; https://wap.asianmetal.com/cag/2026/visit2026030302En.shtml
jinwantong,Fugu Jinwantong Magnesium,Named customers not verified.,Primary ingot; subsequent conversion undisclosed,Company-specific end-use allocation undisclosed.,Buyer undisclosed,S05 S06 S12 S14 S88,https://cdn.ymaws.com/www.intlmag.org/resource/resmgr/conf2018/session3-1-lin-ruhai.pdf ; https://wap.asianmetal.com/cag/2018/visit2018112801En.shtml ; https://list1.m.mysteel.com/zhishi/meichanliang.html ; https://pubs.usgs.gov/myb/vol3/2023/myb3-2023-china.pdf ; https://thj.m.mysteel.com/a/26020911/778E924175D0DCFE_abc.html
yide,Fugu Yide Magnesium Alloy,Named buyers undisclosed.,Refined magnesium ingot; downstream buyer conversion not traced,No company-specific final application verified.,Buyer undisclosed,S13,https://wap.asianmetal.com/cag/2025/visit2026020402En.shtml
huiye,Ningxia Huiye Magnesium,No named customer verified.,Historical primary metal; customer conversion unknown,Company-specific markets undisclosed.,Buyer undisclosed,S05 S78,https://cdn.ymaws.com/www.intlmag.org/resource/resmgr/conf2018/session3-1-lin-ruhai.pdf ; https://pccz.court.gov.cn/pcajxxw/pcgg/ggxq?id=40709488462a4166870b4d4f41cad46e
regal,Regal Metal / Shanxi Regal Magnesium,Company history records Volkswagen TL-VW030 magnesium-alloy batch supply in 1999 and DJI aluminum/magnesium supplier qualification in 2017. Current customer tonnage is not disclosed.,Historical Mg alloy → automotive components; qualified Al/Mg materials → drone supply chain,Historical automotive supply and drone-material qualification; the page’s BMW and several other OEM entries concern aluminum and are not counted as Mg relationships.,Historical supply / qualification; current Mg buyer allocation unverified,S05 S14 S79,https://cdn.ymaws.com/www.intlmag.org/resource/resmgr/conf2018/session3-1-lin-ruhai.pdf ; https://pubs.usgs.gov/myb/vol3/2023/myb3-2023-china.pdf ; https://regal-metal.com/api/about.html
remt,Rare Earth Magnesium Technology Group (REMT),Longstanding suppliers/customers acknowledged but unnamed; trading and toll processing intended to maintain service.,Purchased or own magnesium → alloy/products; ore powder separate,Company-specific named final applications not established.,Current counterparties undisclosed,S14 S15 S16 S17 S92,https://pubs.usgs.gov/myb/vol3/2023/myb3-2023-china.pdf ; https://www1.hkexnews.hk/listedco/listconews/sehk/2026/0430/2026043000040_c.pdf ; https://www.cfi.net.cn/p20260819003853.html ; https://www.hkexnews.hk/listedco/listconews/sehk/2017/1026/ltn201710261085.pdf ; https://financialfilings.com/filings/rare-earth-magnesium-technology-group-holdings-limited/interim-quarterly-report/2026/60246212/
dead-sea-magnesium,Dead Sea Magnesium (ICL),"Individual buyers not disclosed. ICL identifies US and Brazilian markets and aluminum, steel and automotive customer sectors.",Mg ingot → aluminum alloying or magnesium alloys / steel treatment,"Company-supported aluminum products, automotive uses and steelmaking; no named OEM allocation.",Current sectors and regions; buyers undisclosed,S01 S18 S19 S20 S21 S22 S91,https://pubs.usgs.gov/periodicals/mcs2026/mcs2026-magnesium-metal.pdf ; https://financialfilings.com/filings/icl-group-ltd/annual-report/2026/32926978/ ; https://mayafiles.tase.co.il/rpdf/1650001-1651000/P1650877-00.pdf ; https://www.gov.il/BlobFolder/news/press_16092024/en/PressReleases_eng_press_16092024_file2.pdf ; https://www.confer.cz/metal/2016/download/1804-aluminium-and-magnesium-production-changes-and-perspectives.pdf ; https://www.usgs.gov/centers/national-minerals-information-center/israel ; https://investors.icl-group.com/reports-news-and-events/press-releases/press-releases-details/2026/ICL-Reports-Second-Quarter-2026-Results/default.aspx
rima,RIMA Industrial,Named current metal buyers undisclosed. Embraer is described in product-development work; this is not verified serial offtake.,Ingot → alloys/castings; powder → metallurgical treatment,Company-supported transport castings and steel treatment; Embraer relationship is development-stage.,Current sectors; named development partner,S01 S23 S24 S25 S26,https://pubs.usgs.gov/periodicals/mcs2026/mcs2026-magnesium-metal.pdf ; https://www.legisweb.com.br/legislacao/?id=501871 ; https://www.legisweb.com.br/legislacao/?id=456519 ; https://www.otempo.com.br/minas-sa/2026/7/4/ricardo-vicintin-do-grupo-rima-criou-gigante-da-metalurgia-global ; https://pt.linkedin.com/posts/rimaindustrial_magnesio-industria-dolomita-activity-7009567775870361600-wJ--
solikamsk,Solikamsk Magnesium Works (SMZ),Current metal buyers undisclosed; internal chlorine use in rare-metal processing is documented historically.,Mg → ingot/alloy; chlorine → internal chemical processing,No source-backed named final metal customer allocation.,External buyers undisclosed,S01 S27 S28 S29 S30 S31 S89,https://pubs.usgs.gov/periodicals/mcs2026/mcs2026-magnesium-metal.pdf ; https://www.smw.ru/news/novosti/smz-vypustil-1-250-000-tonn-magniya/ ; https://www.uralkali.com/upload/iblock/d1f/ybkimixkd5jmjdoarqtsrtnums0m1hai/uralkali_ar2024_eng.pdf ; https://reports.aiidatapro.com/brokers/RMGEn/040713MGNZEN.pdf ; https://static-metal.smm.cn/production/subscribe/email/IozJG20260311155122.pdf ; https://lelementarium.fr/element-fiche/magnesium/ ; https://www.smw.ru/news/novosti/start-modernizatsii-i-kapremonta/
uktmp,Ust-Kamenogorsk Titanium and Magnesium Plant (UKTMP),Internal titanium production is the documented consumer. External magnesium-ingot buyers are undisclosed.,Mg reducing agent → titanium sponge → titanium products,"Titanium customer aerospace applications are downstream of titanium, not direct magnesium-metal sales.",Current internal consumption,S01 S32 S33 S34,https://pubs.usgs.gov/periodicals/mcs2026/mcs2026-magnesium-metal.pdf ; https://www.uktmp.kz/en/production ; https://bizup.kz/ru/documents/p2500000339 ; https://kase.kz/en/information/news/show/1568367
kar-mineral,Kar Mineral Madencilik,No current named customer documented in the reviewed material.,Magnesium ingot → external alloy/component chain,"Government visit describes automotive, electronics, defense and aerospace sectors; no named customer contract.",Supported sectors only,S01 S35 S36 S37,https://pubs.usgs.gov/periodicals/mcs2026/mcs2026-magnesium-metal.pdf ; https://unfccc.int/sites/default/files/resource/TUR_NID_2026.pdf ; https://www.usgs.gov/centers/national-minerals-information-center/turkey ; https://www.emirdag.gov.tr/vali-yigitbasidan-kar-mineral-madencilige-ziyaret
ferdows,Ferdows magnesium project / Shemsh Felez Royal,No verified named customer/offtaker.,Magnesium ingot; downstream chain not traced,Company-specific markets not established.,Buyer undisclosed,S01 S38 S39 S86,https://pubs.usgs.gov/periodicals/mcs2026/mcs2026-magnesium-metal.pdf ; https://arami-co.com/fields-of-work/metallurgical-industry/magnesium-ignot/ ; https://www.zkcomp.com/cases/Iran-6000t/a-Mg-Plant-Project.html ; https://khabarfarsi.com/w/moi.ir/date/14050613
us-magnesium,US Magnesium,No current metal customers established while production is inactive.,Historical ingot/alloy; no current shipment chain verified,Historical industry sectors only; no current named buyer inferred.,Historical facility; no current delivery claim,S01 S40 S41 S42 S43 S66 S87,https://pubs.usgs.gov/periodicals/mcs2026/mcs2026-magnesium-metal.pdf ; https://cases.stretto.com/usmagnesium/ ; https://usmagnesium.com/about-us-mag/ ; https://usmagnesium.com/environment/solar-energy/ ; https://deq.utah.gov/water-quality/us-magnesium-canal-continuation-project-section-401-water-quality-certification-decision ; https://greatsaltlake.utah.gov/faq/ ; https://ffsl.utah.gov/state-lands/sovereign-lands/permits/
avisma,VSMPO-AVISMA — Berezniki magnesium operations,Internal titanium production is historically documented; titanium customers are not automatically magnesium customers.,Mg → titanium sponge reduction → titanium products,"Titanium manufacturing, not a directly traced magnesium component market.",Internal historical chain; current metal status uncertain,S30 S44,https://static-metal.smm.cn/production/subscribe/email/IozJG20260311155122.pdf ; https://www.cit.uscourts.gov/sites/cit/files/10-93.pdf
qinghai,Qinghai Salt Lake Magnesium / former Magontec chain,Magontec Qinghai was a documented historical internal-chain counterparty; that relationship has ended.,Liquid primary Mg → alloy ingot at former casthouse,Historical alloy markets; no current final buyer established.,"Historical supply relationship, ended",S45 S47 S80 S81 S85 S94,https://magontec.com/wp-content/uploads/2026/02/Magontec-Limited-2025-Annual-Report-Final.pdf ; https://magontec.com/wp-content/uploads/2025/02/Magontec-Limited-2024-Annual-Report-Final.pdf ; https://www.cnmn.com.cn/ShowNews1.aspx?id=461529 ; https://cmnltd.minmetals.com.cn/jtdt/202609/t20260914_317704.html ; https://www.qhnews.com/newscenter/system/2026/07/16/030583845.shtml ; https://vip.stock.finance.sina.com.cn/corp/view/vCB_AllBulletinDetail.php?id=12448670&stockid=300631
magontec,Magontec,"European automotive diecasters; unnamed aerospace customers for specialist alloys, with North America the largest regional specialist market. Primary supplier remains unnamed.",Recycled alloy → automotive castings; specialist alloys → aerospace parts; Mg anodes → corrosion protection,"Automotive lightweight components, aerospace alloys and water-heater magnesium anodes. Growth in titanium electronic anodes is excluded from magnesium volume.",Current sectors; supplier/customer names undisclosed,S45 S46 S47 S67,https://magontec.com/wp-content/uploads/2026/02/Magontec-Limited-2025-Annual-Report-Final.pdf ; https://magontec.com/wp-content/uploads/2024/08/Magontec-2024-Half-Year-Results-Presentation.pdf ; https://magontec.com/wp-content/uploads/2025/02/Magontec-Limited-2024-Annual-Report-Final.pdf ; https://magontec.com/wp-content/uploads/2026/08/Magontec-30-June-2026-Half-Year-Report.pdf
amacor,Advanced Magnesium Alloys Corporation (AMACOR),Named buyers undisclosed; products marketed to diecasters and aluminum alloy producers.,Recycled Mg alloy → diecast parts; magnesium additions → aluminum can-stock alloys,Company-supported casting and aluminum packaging chain; named OEM/can maker not verified.,Current sectors only,S48 S49 S50,https://amacor.us/products ; https://www.usitc.gov/sites/default/files/publications/701_731/pub5420.pdf ; https://www.scrapmonster.com/scrap-yard/advanced-magnesium-alloys-corporation/36988
luxfer,Luxfer MEL Technologies / Elektron,Named customers undisclosed in reviewed sources.,Specialty alloy → cast/wrought stock → machined finished components,"Group-supported magnesium alloy markets include aerospace, automotive structural parts and wheels, and dissolvable oil-and-gas tools. No site-specific customer allocation verified.",Current product chain; buyers undisclosed,S51 S52 S68 S69 S70,https://www.luxfermeltechnologies.com/knowledge-hub/machined-magnesium-guide/ ; https://www.luxfermeltechnologies.com/elektron-finished-parts/ ; https://financialfilings.com/filings/luxfer-holdings-plc/annual-report/2026/32887439/ ; https://www.sec.gov/Archives/edgar/data/1096056/000143774926024682/lxfr20260628_10q.htm ; https://www.sec.gov/Archives/edgar/data/1096056/000207709626000244/ea0304990-8k_luxfer.htm
