producer_id,producer,reported_quantity_t_and_basis,reporting_period,capacity_t_per_y_and_basis,products,output_notes,source_ids,source_urls
baowu,Baowu Magnesium (formerly Yunhai),Not located in reviewed sources,2025 / H1 2026 filings,"100,000 primary baseline; expansions separate","Primary ingot, magnesium alloys, diecast/extruded components; also substantial aluminum business","2025 nonferrous production 469,101.56 t versus 460,970.44 t in 2024 includes aluminum and other products. It is excluded from the magnesium-output comparison. The group is a leading integrated producer, but its current primary-only rank cannot be verified. H1 2026 reporting says Anhui Baomei crude-metal and alloy volumes rose substantially during ramp-up, but gives no absolute comparable magnesium tonnage.",S02 S03 S04 S82 S90,https://static.cninfo.com.cn/finalpage/2026-04-29/1225223859.PDF ; https://static.cninfo.com.cn/finalpage/2026-04-29/1225223882.PDF ; https://static.cninfo.com.cn/finalpage/2026-01-28/1224953486.PDF ; https://money.finance.sina.com.cn/corp/view/vCB_AllBulletinDetail.php?id=12522497&stockid=002182 ; https://www.yizumi.com/en/news/product/DCM/yizumi-powers-magnesium-mass-production-for-seres-baowu-magnesium
tianyu,Shaanxi Tianyu Magnesium Group,"32,000 historical",2017,"50,000 historical",Magnesium ingot and alloys; integrated ferrosilicon and semi-coke,The 2017 quantity is retained for traceability and excluded from any 2025 ranking. Xiyuan and Tianyu are not separately added without a consolidation boundary.,S05 S06 S07,https://cdn.ymaws.com/www.intlmag.org/resource/resmgr/conf2018/session3-1-lin-ruhai.pdf ; https://wap.asianmetal.com/cag/2018/visit2018112801En.shtml ; https://www.asianmetal.com/Events_2019/2019MgF/Index_eventBM_en.asp
yinguang,Yinguang / Yinguang Huasheng,"31,000 historical (Huasheng)",2017,"65,000 Huasheng; group 100,000 overlaps","Primary magnesium, alloys, extrusions/forgings and wheel blanks, cast magnesium anodes",Recent reporting of wheel-blank production supports downstream activity but does not establish present primary output or smelter utilization.,S05 S08 S09 S10 S83,https://cdn.ymaws.com/www.intlmag.org/resource/resmgr/conf2018/session3-1-lin-ruhai.pdf ; https://ygmg.foundry.cn/ ; https://ijzt.china9.cn/component/jwpagefactory/?company_id=5136&id=ODk3NDQ%3D&layout_id=10564&site_id=4922&view=page ; https://www.yunchengdaily.cn/content/2026-09/21/content_27118820.html ; https://www.newportmetals.net/magnesium-anodes.html
bada,Shanxi Bada Magnesium,"29,800 historical; 35,000 undated claim",2017 / undated,"40,000 company (undated); 50,000 USGS (2023 table)","Magnesium ingot, alloys and downstream castings","The 35,000 t/year statement is shown only as an undated operating claim. No defensible 2025 company actual located. A January 2026 visit confirms integrated mining, smelting, processing and recycling activity. Its 150,000 t/y mixed-product design claim is not substituted for primary capacity.",S05 S10 S11 S14 S84,https://cdn.ymaws.com/www.intlmag.org/resource/resmgr/conf2018/session3-1-lin-ruhai.pdf ; https://www.yunchengdaily.cn/content/2026-09/21/content_27118820.html ; https://www.chinese-mg.com/en/ ; https://pubs.usgs.gov/myb/vol3/2023/myb3-2023-china.pdf ; https://wap.asianmetal.com/cag/2026/visit2026030302En.shtml
jinwantong,Fugu Jinwantong Magnesium,"28,500 historical",2017,"40,000 (2017); 42,000 (USGS 2023 table)",Primary magnesium ingot,Neither the maintenance rate nor nameplate substitutes for a recent annual actual.,S05 S06 S12 S14 S88,https://cdn.ymaws.com/www.intlmag.org/resource/resmgr/conf2018/session3-1-lin-ruhai.pdf ; https://wap.asianmetal.com/cag/2018/visit2018112801En.shtml ; https://list1.m.mysteel.com/zhishi/meichanliang.html ; https://pubs.usgs.gov/myb/vol3/2023/myb3-2023-china.pdf ; https://thj.m.mysteel.com/a/26020911/778E924175D0DCFE_abc.html
yide,Fugu Yide Magnesium Alloy,Not disclosed,Dec 2025 visit,"20,000 primary","Magnesium metal; integrated ferrosilicon, semi-coke and coal tar","Metal, ferrosilicon, semi-coke and coal-tar capacities refer to different materials and are never summed.",S13,https://wap.asianmetal.com/cag/2025/visit2026020402En.shtml
huiye,Ningxia Huiye Magnesium,"33,300 historical",2017,"50,000 historical",Historically primary magnesium,"Historical output does not establish current supply. The court notice resolves the company’s liquidation status, but does not identify a successor smelter operator.",S05 S78,https://cdn.ymaws.com/www.intlmag.org/resource/resmgr/conf2018/session3-1-lin-ruhai.pdf ; https://pccz.court.gov.cn/pcajxxw/pcgg/ggxq?id=40709488462a4166870b4d4f41cad46e
regal,Regal Metal / Shanxi Regal Magnesium,"26,700 historical",2017,"30,000 primary; 100,000 Mg alloys (undated company page)",Magnesium metal/alloy products,"The newer website clarifies the group’s marketed design capacity, but supplies no annual primary actual or reconciliation to older facility boundaries.",S05 S14 S79,https://cdn.ymaws.com/www.intlmag.org/resource/resmgr/conf2018/session3-1-lin-ruhai.pdf ; https://pubs.usgs.gov/myb/vol3/2023/myb3-2023-china.pdf ; https://regal-metal.com/api/about.html
remt,Rare Earth Magnesium Technology Group (REMT),"12,373 annual / 1,680 half-year sales, not production",2025 / H1 2026 (latter: indexed filing mirror),"Hami 45,000 / Baishan 75,000 historical, not available supply","Magnesium metal/alloy products; Baishan also ore powder, excluded from metal output","Annual product sales fell about 9.5% in 2025 (calculated). The mirror-supported H1 comparison indicates a further decline, on a different reporting period. Trading/toll processing and inventory movements prevent treating sales as own primary production.",S14 S15 S16 S17 S92,https://pubs.usgs.gov/myb/vol3/2023/myb3-2023-china.pdf ; https://www1.hkexnews.hk/listedco/listconews/sehk/2026/0430/2026043000040_c.pdf ; https://www.cfi.net.cn/p20260819003853.html ; https://www.hkexnews.hk/listedco/listconews/sehk/2017/1026/ltn201710261085.pdf ; https://financialfilings.com/filings/rare-earth-magnesium-technology-group-holdings-limited/interim-quarterly-report/2026/60246212/
dead-sea-magnesium,Dead Sea Magnesium (ICL),"~17,800 primary",2025,"21,000 / 34,000 conflicting USGS bases",Pure magnesium and alloys; magnesium chloride is a separate compound business,"Company metal output increased from approximately 17,000 t in 2024 to 17,800 t in 2025, about 5% (calculated from rounded values). The 2025 company figure takes priority over USGS’s 20,000 t national estimate. The separate 112,000 t solid magnesium chloride figure is excluded. The August 2026 quarterly release was checked; it does not provide a newer annual magnesium-metal quantity.",S01 S18 S19 S20 S21 S22 S91,https://pubs.usgs.gov/periodicals/mcs2026/mcs2026-magnesium-metal.pdf ; https://financialfilings.com/filings/icl-group-ltd/annual-report/2026/32926978/ ; https://mayafiles.tase.co.il/rpdf/1650001-1651000/P1650877-00.pdf ; https://www.gov.il/BlobFolder/news/press_16092024/en/PressReleases_eng_press_16092024_file2.pdf ; https://www.confer.cz/metal/2016/download/1804-aluminium-and-magnesium-production-changes-and-perspectives.pdf ; https://www.usgs.gov/centers/national-minerals-information-center/israel ; https://investors.icl-group.com/reports-news-and-events/press-releases/press-releases-details/2026/ICL-Reports-Second-Quarter-2026-Results/default.aspx
rima,RIMA Industrial,"Not disclosed; Brazil 20,000 estimate only",2025 national estimate,"22,000 primary (country/sole producer)","Primary ingot, magnesium alloys, powder and cast products","Founder’s July 2026 interview says 22,000 t/year; reporting period/basis unspecified, so treated as a run-rate claim rather than 2025 actual.",S01 S23 S24 S25 S26,https://pubs.usgs.gov/periodicals/mcs2026/mcs2026-magnesium-metal.pdf ; https://www.legisweb.com.br/legislacao/?id=501871 ; https://www.legisweb.com.br/legislacao/?id=456519 ; https://www.otempo.com.br/minas-sa/2026/7/4/ricardo-vicintin-do-grupo-rima-criou-gigante-da-metalurgia-global ; https://pt.linkedin.com/posts/rimaindustrial_magnesio-industria-dolomita-activity-7009567775870361600-wJ--
solikamsk,Solikamsk Magnesium Works (SMZ),"Not disclosed; 15,336 historical sales",2019 sales,"18,200 historical",Primary magnesium/alloys; associated chlorine/rare-metal chemical products excluded,"Company’s 1,250,000 t milestone is cumulative production since 1936, reached February 2025; not a yearly quantity. Russia’s 60,000 t 2025 national estimate cannot be assigned to SMZ.",S01 S27 S28 S29 S30 S31 S89,https://pubs.usgs.gov/periodicals/mcs2026/mcs2026-magnesium-metal.pdf ; https://www.smw.ru/news/novosti/smz-vypustil-1-250-000-tonn-magniya/ ; https://www.uralkali.com/upload/iblock/d1f/ybkimixkd5jmjdoarqtsrtnums0m1hai/uralkali_ar2024_eng.pdf ; https://reports.aiidatapro.com/brokers/RMGEn/040713MGNZEN.pdf ; https://static-metal.smm.cn/production/subscribe/email/IozJG20260311155122.pdf ; https://lelementarium.fr/element-fiche/magnesium/ ; https://www.smw.ru/news/novosti/start-modernizatsii-i-kapremonta/
uktmp,Ust-Kamenogorsk Titanium and Magnesium Plant (UKTMP),"19,043–19,568 crude process stream",Annual range in 2021–2022; not a two-year total,"21,000 national estimate; plant basis unresolved","Magnesium reducing agent, merchant ingots and titanium products","These overlapping process streams are not additive. The 2025 audited-financial notice provides no physical output; national 13,000 t estimated primary production is not a UKTMP audited actual.",S01 S32 S33 S34,https://pubs.usgs.gov/periodicals/mcs2026/mcs2026-magnesium-metal.pdf ; https://www.uktmp.kz/en/production ; https://bizup.kz/ru/documents/p2500000339 ; https://kase.kz/en/information/news/show/1568367
kar-mineral,Kar Mineral Madencilik,"Not disclosed; Türkiye 15,000 estimate only",2025 national estimate,"15,000 primary",Primary magnesium ingot,"The government’s sole-producer identification supports association with national supply, but an estimate remains different from company-reported actual production. ESAN is not added as a second current producer.",S01 S35 S36 S37,https://pubs.usgs.gov/periodicals/mcs2026/mcs2026-magnesium-metal.pdf ; https://unfccc.int/sites/default/files/resource/TUR_NID_2026.pdf ; https://www.usgs.gov/centers/national-minerals-information-center/turkey ; https://www.emirdag.gov.tr/vali-yigitbasidan-kar-mineral-madencilige-ziyaret
ferdows,Ferdows magnesium project / Shemsh Felez Royal,No company annual actual; reportedly idle,Sep 2026 status; Iran estimate is not plant output,"6,000 design; available capacity unverified",Magnesium ingot,The newer idle-status report makes it especially inappropriate to assign Iran’s national estimate to Ferdows. Contractor design scale is not current production.,S01 S38 S39 S86,https://pubs.usgs.gov/periodicals/mcs2026/mcs2026-magnesium-metal.pdf ; https://arami-co.com/fields-of-work/metallurgical-industry/magnesium-ignot/ ; https://www.zkcomp.com/cases/Iran-6000t/a-Mg-Plant-Project.html ; https://khabarfarsi.com/w/moi.ir/date/14050613
us-magnesium,US Magnesium,0 national primary; facility inactive,2024–2025,"63,500 company; idle",Historically pure magnesium and alloys,"Retained as a former major supplier and an important explanation of US supply loss, separate from operating producers.",S01 S40 S41 S42 S43 S66 S87,https://pubs.usgs.gov/periodicals/mcs2026/mcs2026-magnesium-metal.pdf ; https://cases.stretto.com/usmagnesium/ ; https://usmagnesium.com/about-us-mag/ ; https://usmagnesium.com/environment/solar-energy/ ; https://deq.utah.gov/water-quality/us-magnesium-canal-continuation-project-section-401-water-quality-certification-decision ; https://greatsaltlake.utah.gov/faq/ ; https://ffsl.utah.gov/state-lands/sovereign-lands/permits/
avisma,VSMPO-AVISMA — Berezniki magnesium operations,Not verified,No recent actual,Not verified,Magnesium as titanium reductant; associated titanium products,Do not assign the balance of Russia’s national total to AVISMA or count repeated regenerated magnesium as new primary metal.,S30 S44,https://static-metal.smm.cn/production/subscribe/email/IozJG20260311155122.pdf ; https://www.cit.uscourts.gov/sites/cit/files/10-93.pdf
qinghai,Qinghai Salt Lake Magnesium / former Magontec chain,"292.705 liquid Mg / 265 ingot, overlapping",One-cell trial Feb–Apr 2025; not annual,"100,000 primary design claim; 56,000 former alloy casthouse",Historical electrolytic magnesium and alloy products,"The 2025 one-cell trial is not annual output. July 2026 provincial reporting claims design operation of the 100,000 t/y project, without a dated annual-output table. September Minmetals reporting describes expanded-trial closeout and pilot construction within the integrated project. These different scopes remain unreconciled; neither universal shutdown nor full annual utilization is inferred.",S45 S47 S80 S81 S85 S94,https://magontec.com/wp-content/uploads/2026/02/Magontec-Limited-2025-Annual-Report-Final.pdf ; https://magontec.com/wp-content/uploads/2025/02/Magontec-Limited-2024-Annual-Report-Final.pdf ; https://www.cnmn.com.cn/ShowNews1.aspx?id=461529 ; https://cmnltd.minmetals.com.cn/jtdt/202609/t20260914_317704.html ; https://www.qhnews.com/newscenter/system/2026/07/16/030583845.shtml ; https://vip.stock.finance.sina.com.cn/corp/view/vCB_AllBulletinDetail.php?id=12448670&stockid=300631
magontec,Magontec,"~700 distributed primary alloy, six months",H2 2025 shipments,"24,000 recycling (2024)","Recycled and specialist magnesium alloys, distributed primary alloys and magnesium anodes; titanium electronic anodes excluded from Mg totals","H1 2026 versus H1 2025: total Metals volumes +77%, standard-alloy sales +33%, primary-alloy trading +653%, specialist-alloy volumes +107%. These overlap and cannot be added; trading is not own primary production.",S45 S46 S47 S67,https://magontec.com/wp-content/uploads/2026/02/Magontec-Limited-2025-Annual-Report-Final.pdf ; https://magontec.com/wp-content/uploads/2024/08/Magontec-2024-Half-Year-Results-Presentation.pdf ; https://magontec.com/wp-content/uploads/2025/02/Magontec-Limited-2024-Annual-Report-Final.pdf ; https://magontec.com/wp-content/uploads/2026/08/Magontec-30-June-2026-Half-Year-Report.pdf
amacor,Advanced Magnesium Alloys Corporation (AMACOR),Not disclosed,No annual actual,"50,000 undated recycling claim","Diecasting alloys including AM50A, AM60B, AZ91D/E; aluminum-alloying magnesium products","Recycled/alloy tonnage must not be counted as US primary production. Capacity is a lower-confidence marketing claim, not actual output.",S48 S49 S50,https://amacor.us/products ; https://www.usitc.gov/sites/default/files/publications/701_731/pub5420.pdf ; https://www.scrapmonster.com/scrap-yard/advanced-magnesium-alloys-corporation/36988
luxfer,Luxfer MEL Technologies / Elektron,Not disclosed,No annual actual,Not disclosed,Specialty magnesium alloys and finished parts; other chemical products excluded,"Q2 2026 commentary reports strength in aerospace-alloy sales but no comparable physical tonnes. Specialty alloy, components and magnesium compounds remain separate.",S51 S52 S68 S69 S70,https://www.luxfermeltechnologies.com/knowledge-hub/machined-magnesium-guide/ ; https://www.luxfermeltechnologies.com/elektron-finished-parts/ ; https://financialfilings.com/filings/luxfer-holdings-plc/annual-report/2026/32887439/ ; https://www.sec.gov/Archives/edgar/data/1096056/000143774926024682/lxfr20260628_10q.htm ; https://www.sec.gov/Archives/edgar/data/1096056/000207709626000244/ea0304990-8k_luxfer.htm
