producer_id,producer,country,category,status_at_cutoff,facilities,ownership,products,source_ids,source_urls
baowu,Baowu Magnesium (formerly Yunhai),China,Primary + alloys + fabrication,Commercial group; expansions at different stages,"Chaohu, Anhui; Wutai, Shanxi; associate Anhui Baomei at Qingyang; Gansu Baomei supplies ferrosilicon",China Baowu-controlled through Baosteel Metal; Qingyang is an associate and must not be counted as wholly consolidated.,"Primary ingot, magnesium alloys, diecast/extruded components; also substantial aluminum business",S02 S03 S04 S82 S90,https://static.cninfo.com.cn/finalpage/2026-04-29/1225223859.PDF ; https://static.cninfo.com.cn/finalpage/2026-04-29/1225223882.PDF ; https://static.cninfo.com.cn/finalpage/2026-01-28/1224953486.PDF ; https://money.finance.sina.com.cn/corp/view/vCB_AllBulletinDetail.php?id=12522497&stockid=002182 ; https://www.yizumi.com/en/news/product/DCM/yizumi-powers-magnesium-mass-production-for-seres-baowu-magnesium
tianyu,Shaanxi Tianyu Magnesium Group,China,Primary + alloys,Historically established producer; current operating status and annual output unverified,"Fugu / Laogaochuan, Shaanxi; Tianyu and related Xiyuan operations",Privately operated group; current beneficial ownership not established in reviewed sources.,Magnesium ingot and alloys; integrated ferrosilicon and semi-coke,S05 S06 S07,https://cdn.ymaws.com/www.intlmag.org/resource/resmgr/conf2018/session3-1-lin-ruhai.pdf ; https://wap.asianmetal.com/cag/2018/visit2018112801En.shtml ; https://www.asianmetal.com/Events_2019/2019MgF/Index_eventBM_en.asp
yinguang,Yinguang / Yinguang Huasheng,China,Primary + alloys + fabrication,Commercial group; recent downstream activity documented,"Wenxi, Shanxi; Yinguang Huasheng and related group facilities",Yinguang group; private corporate structure and present ultimate shareholdings not fully resolved.,"Primary magnesium, alloys, extrusions/forgings and wheel blanks, cast magnesium anodes",S05 S08 S09 S10 S83,https://cdn.ymaws.com/www.intlmag.org/resource/resmgr/conf2018/session3-1-lin-ruhai.pdf ; https://ygmg.foundry.cn/ ; https://ijzt.china9.cn/component/jwpagefactory/?company_id=5136&id=ODk3NDQ%3D&layout_id=10564&site_id=4922&view=page ; https://www.yunchengdaily.cn/content/2026-09/21/content_27118820.html ; https://www.newportmetals.net/magnesium-anodes.html
bada,Shanxi Bada Magnesium,China,Primary + alloys + fabrication,Commercial integrated producer; January 2026 visit documented,"Bailin, Guojiazhuang, Wenxi, Shanxi",Company describes affiliation with Meridian / Wanfeng Auto Holding. The affiliation alone does not establish an ingot offtake contract.,"Magnesium ingot, alloys and downstream castings",S05 S10 S11 S14 S84,https://cdn.ymaws.com/www.intlmag.org/resource/resmgr/conf2018/session3-1-lin-ruhai.pdf ; https://www.yunchengdaily.cn/content/2026-09/21/content_27118820.html ; https://www.chinese-mg.com/en/ ; https://pubs.usgs.gov/myb/vol3/2023/myb3-2023-china.pdf ; https://wap.asianmetal.com/cag/2026/visit2026030302En.shtml
jinwantong,Fugu Jinwantong Magnesium,China,Primary,Established; March 2026 maintenance shutdown reported,"Fugu, Shaanxi",Private company; current ultimate owner undisclosed in reviewed sources.,Primary magnesium ingot,S05 S06 S12 S14 S88,https://cdn.ymaws.com/www.intlmag.org/resource/resmgr/conf2018/session3-1-lin-ruhai.pdf ; https://wap.asianmetal.com/cag/2018/visit2018112801En.shtml ; https://list1.m.mysteel.com/zhishi/meichanliang.html ; https://pubs.usgs.gov/myb/vol3/2023/myb3-2023-china.pdf ; https://thj.m.mysteel.com/a/26020911/778E924175D0DCFE_abc.html
yide,Fugu Yide Magnesium Alloy,China,Primary + alloys,Commercial facility visited December 2025,"Guojiawan industrial park, Fugu, Shaanxi",Private company; present beneficial ownership not established.,"Magnesium metal; integrated ferrosilicon, semi-coke and coal tar",S13,https://wap.asianmetal.com/cag/2025/visit2026020402En.shtml
huiye,Ningxia Huiye Magnesium,China,Primary,Bankruptcy liquidation; successor plant operation unverified,Historical Ningxia operation; successor facility boundary unresolved,Ningxia Huiye Magnesium Group is in liquidation. Proceedings were accepted in December 2020 and substantively consolidated with three related companies in March 2026.,Historically primary magnesium,S05 S78,https://cdn.ymaws.com/www.intlmag.org/resource/resmgr/conf2018/session3-1-lin-ruhai.pdf ; https://pccz.court.gov.cn/pcajxxw/pcgg/ggxq?id=40709488462a4166870b4d4f41cad46e
regal,Regal Metal / Shanxi Regal Magnesium,China,Primary + alloys,Active group marketing primary metal and alloys; current primary output unverified,Group bases in Shanxi and Shandong; primary-smelter allocation unresolved,Private group; current ultimate ownership not verified.,Magnesium metal/alloy products,S05 S14 S79,https://cdn.ymaws.com/www.intlmag.org/resource/resmgr/conf2018/session3-1-lin-ruhai.pdf ; https://pubs.usgs.gov/myb/vol3/2023/myb3-2023-china.pdf ; https://regal-metal.com/api/about.html
remt,Rare Earth Magnesium Technology Group (REMT),China,Primary + alloys; trading,Hami temporary suspension arranged in August 2026; trading/tolling continues,"Xinjiang Tengxiang, Hami; Baishan Tianan, Jilin","HKEX 00601, historically within Century Sunshine group; operating subsidiaries must not be counted again as independent group output.","Magnesium metal/alloy products; Baishan also ore powder, excluded from metal output",S14 S15 S16 S17 S92,https://pubs.usgs.gov/myb/vol3/2023/myb3-2023-china.pdf ; https://www1.hkexnews.hk/listedco/listconews/sehk/2026/0430/2026043000040_c.pdf ; https://www.cfi.net.cn/p20260819003853.html ; https://www.hkexnews.hk/listedco/listconews/sehk/2017/1026/ltn201710261085.pdf ; https://financialfilings.com/filings/rare-earth-magnesium-technology-group-holdings-limited/interim-quarterly-report/2026/60246212/
dead-sea-magnesium,Dead Sea Magnesium (ICL),Israel,Primary + alloys,Commercial production reported for 2025,"Sodom, Dead Sea Works complex",ICL subsidiary; do not repeat the historical Volkswagen joint-venture ownership as current.,Pure magnesium and alloys; magnesium chloride is a separate compound business,S01 S18 S19 S20 S21 S22 S91,https://pubs.usgs.gov/periodicals/mcs2026/mcs2026-magnesium-metal.pdf ; https://financialfilings.com/filings/icl-group-ltd/annual-report/2026/32926978/ ; https://mayafiles.tase.co.il/rpdf/1650001-1651000/P1650877-00.pdf ; https://www.gov.il/BlobFolder/news/press_16092024/en/PressReleases_eng_press_16092024_file2.pdf ; https://www.confer.cz/metal/2016/download/1804-aluminium-and-magnesium-production-changes-and-perspectives.pdf ; https://www.usgs.gov/centers/national-minerals-information-center/israel ; https://investors.icl-group.com/reports-news-and-events/press-releases/press-releases-details/2026/ICL-Reports-Second-Quarter-2026-Results/default.aspx
rima,RIMA Industrial,Brazil,Primary + alloys + fabrication,Established commercial producer; 2026 government review,"Bocaiúva, Minas Gerais",Privately held Brazilian group founded by Ricardo Vicintin; precise current shareholding not established here.,"Primary ingot, magnesium alloys, powder and cast products",S01 S23 S24 S25 S26,https://pubs.usgs.gov/periodicals/mcs2026/mcs2026-magnesium-metal.pdf ; https://www.legisweb.com.br/legislacao/?id=501871 ; https://www.legisweb.com.br/legislacao/?id=456519 ; https://www.otempo.com.br/minas-sa/2026/7/4/ricardo-vicintin-do-grupo-rima-criou-gigante-da-metalurgia-global ; https://pt.linkedin.com/posts/rimaindustrial_magnesio-industria-dolomita-activity-7009567775870361600-wJ--
solikamsk,Solikamsk Magnesium Works (SMZ),Russia,Primary; integrated chemicals,Commercial producer; 2026 upgrade constraints reported,"Solikamsk, Perm Krai",Rosatom mining division affiliation confirmed by company news.,Primary magnesium/alloys; associated chlorine/rare-metal chemical products excluded,S01 S27 S28 S29 S30 S31 S89,https://pubs.usgs.gov/periodicals/mcs2026/mcs2026-magnesium-metal.pdf ; https://www.smw.ru/news/novosti/smz-vypustil-1-250-000-tonn-magniya/ ; https://www.uralkali.com/upload/iblock/d1f/ybkimixkd5jmjdoarqtsrtnums0m1hai/uralkali_ar2024_eng.pdf ; https://reports.aiidatapro.com/brokers/RMGEn/040713MGNZEN.pdf ; https://static-metal.smm.cn/production/subscribe/email/IozJG20260311155122.pdf ; https://lelementarium.fr/element-fiche/magnesium/ ; https://www.smw.ru/news/novosti/start-modernizatsii-i-kapremonta/
uktmp,Ust-Kamenogorsk Titanium and Magnesium Plant (UKTMP),Kazakhstan,Primary + internal magnesium regeneration,Commercial integrated titanium/magnesium plant,"Öskemen (Ust-Kamenogorsk), East Kazakhstan","JSC UKTMP, KASE-listed issuer; ultimate controlling ownership not established from the reviewed production sources.","Magnesium reducing agent, merchant ingots and titanium products",S01 S32 S33 S34,https://pubs.usgs.gov/periodicals/mcs2026/mcs2026-magnesium-metal.pdf ; https://www.uktmp.kz/en/production ; https://bizup.kz/ru/documents/p2500000339 ; https://kase.kz/en/information/news/show/1568367
kar-mineral,Kar Mineral Madencilik,Türkiye,Primary,Sole national producer identified by 2026 government inventory,"Tepeköy / Emirdağ, Afyonkarahisar",Private Turkish company; ultimate ownership not verified in reviewed sources.,Primary magnesium ingot,S01 S35 S36 S37,https://pubs.usgs.gov/periodicals/mcs2026/mcs2026-magnesium-metal.pdf ; https://unfccc.int/sites/default/files/resource/TUR_NID_2026.pdf ; https://www.usgs.gov/centers/national-minerals-information-center/turkey ; https://www.emirdag.gov.tr/vali-yigitbasidan-kar-mineral-madencilige-ziyaret
ferdows,Ferdows magnesium project / Shemsh Felez Royal,Iran,Primary,Reported idle in September 2026; restart not verified,"Ferdows, South Khorasan",Public English-language references use varying company transliterations; ultimate ownership and current legal operator not independently reconciled.,Magnesium ingot,S01 S38 S39 S86,https://pubs.usgs.gov/periodicals/mcs2026/mcs2026-magnesium-metal.pdf ; https://arami-co.com/fields-of-work/metallurgical-industry/magnesium-ignot/ ; https://www.zkcomp.com/cases/Iran-6000t/a-Mg-Plant-Project.html ; https://khabarfarsi.com/w/moi.ir/date/14050613
us-magnesium,US Magnesium,United States,Primary (inactive),Inactive primary plant; key land/water/mineral assets acquired by Utah in 2026,"Rowley, Utah, Great Salt Lake","Former operator: US Magnesium LLC. Utah’s Division of Forestry, Fire and State Lands acquired key land, water rights and mineral rights in the bankruptcy sale. Certain fixtures and personal property were excluded; the state did not simply acquire the entire operating company.",Historically pure magnesium and alloys,S01 S40 S41 S42 S43 S66 S87,https://pubs.usgs.gov/periodicals/mcs2026/mcs2026-magnesium-metal.pdf ; https://cases.stretto.com/usmagnesium/ ; https://usmagnesium.com/about-us-mag/ ; https://usmagnesium.com/environment/solar-energy/ ; https://deq.utah.gov/water-quality/us-magnesium-canal-continuation-project-section-401-water-quality-certification-decision ; https://greatsaltlake.utah.gov/faq/ ; https://ffsl.utah.gov/state-lands/sovereign-lands/permits/
avisma,VSMPO-AVISMA — Berezniki magnesium operations,Russia,Primary / internal regeneration (status uncertain),Industry reports primary smelting ceased; current status not independently confirmed,"AVISMA, Berezniki, Perm Krai",VSMPO-AVISMA group; current controlling ownership not resolved in the selected process sources.,Magnesium as titanium reductant; associated titanium products,S30 S44,https://static-metal.smm.cn/production/subscribe/email/IozJG20260311155122.pdf ; https://www.cit.uscourts.gov/sites/cit/files/10-93.pdf
qinghai,Qinghai Salt Lake Magnesium / former Magontec chain,China,Primary + former alloy conversion,Metal trials and 2026 project milestone reported; annual whole-site output unresolved,"Golmud / Qarhan Salt Lake, Qinghai",Qinghai Salt Lake Magnesium was upstream supplier; Magontec Qinghai was a separate downstream alloy operation.,Historical electrolytic magnesium and alloy products,S45 S47 S80 S81 S85 S94,https://magontec.com/wp-content/uploads/2026/02/Magontec-Limited-2025-Annual-Report-Final.pdf ; https://magontec.com/wp-content/uploads/2025/02/Magontec-Limited-2024-Annual-Report-Final.pdf ; https://www.cnmn.com.cn/ShowNews1.aspx?id=461529 ; https://cmnltd.minmetals.com.cn/jtdt/202609/t20260914_317704.html ; https://www.qhnews.com/newscenter/system/2026/07/16/030583845.shtml ; https://vip.stock.finance.sina.com.cn/corp/view/vCB_AllBulletinDetail.php?id=12448670&stockid=300631
magontec,Magontec,Germany / Romania / China,Recycling + alloys + anodes,Operating recycler/alloy supplier; Qinghai exit completed,"Bottrop, Germany; Sântana, Romania; Xi’an, China (anodes)",Australian-listed Magontec Limited; do not retain the former Qinghai casthouse as a current group operation.,"Recycled and specialist magnesium alloys, distributed primary alloys and magnesium anodes; titanium electronic anodes excluded from Mg totals",S45 S46 S47 S67,https://magontec.com/wp-content/uploads/2026/02/Magontec-Limited-2025-Annual-Report-Final.pdf ; https://magontec.com/wp-content/uploads/2024/08/Magontec-2024-Half-Year-Results-Presentation.pdf ; https://magontec.com/wp-content/uploads/2025/02/Magontec-Limited-2024-Annual-Report-Final.pdf ; https://magontec.com/wp-content/uploads/2026/08/Magontec-30-June-2026-Half-Year-Report.pdf
amacor,Advanced Magnesium Alloys Corporation (AMACOR),United States,Recycling + alloys,Commercial recycler/alloy supplier,"Anderson, Indiana",Privately held AMACOR; ultimate beneficial ownership not verified here.,"Diecasting alloys including AM50A, AM60B, AZ91D/E; aluminum-alloying magnesium products",S48 S49 S50,https://amacor.us/products ; https://www.usitc.gov/sites/default/files/publications/701_731/pub5420.pdf ; https://www.scrapmonster.com/scrap-yard/advanced-magnesium-alloys-corporation/36988
luxfer,Luxfer MEL Technologies / Elektron,United Kingdom,Alloys + recycling + fabrication,Commercial specialty alloy and component business,"Manchester area, United Kingdom; this profile does not aggregate all global Luxfer sites",Luxfer MEL Technologies is within Luxfer Holdings PLC’s Elektron segment. A Wynnchurch-backed buyer agreed to acquire the parent in July 2026; the September filing still describes outstanding closing conditions. Completion is not established by this review.,Specialty magnesium alloys and finished parts; other chemical products excluded,S51 S52 S68 S69 S70,https://www.luxfermeltechnologies.com/knowledge-hub/machined-magnesium-guide/ ; https://www.luxfermeltechnologies.com/elektron-finished-parts/ ; https://financialfilings.com/filings/luxfer-holdings-plc/annual-report/2026/32887439/ ; https://www.sec.gov/Archives/edgar/data/1096056/000143774926024682/lxfr20260628_10q.htm ; https://www.sec.gov/Archives/edgar/data/1096056/000207709626000244/ea0304990-8k_luxfer.htm
