id,title,publisher,date,url,locator,supports,limitation,accessed
S01,Mineral Commodity Summaries 2026 — Magnesium Metal,US Geological Survey,2026,https://pubs.usgs.gov/periodicals/mcs2026/mcs2026-magnesium-metal.pdf,"Salient Statistics, Domestic Production and Use, Recycling and Import Sources on PDF p. 1; World Production and Capacity on p. 2","Country output estimates and capacity; US primary cessation, reported primary consumption, recycling, import reliance and product-specific import origins",Full PDF subsequently retrieved directly and domestic table visually verified; initial browser retrieval returned 403. Estimates are not company actuals. World and recycling totals are rounded. 2025 import estimates are superseded by revised S115 trade tables.,2026-09-27
S02,2025 Annual Report,Baowu Magnesium,2026-04-29,https://static.cninfo.com.cn/finalpage/2026-04-29/1225223859.PDF,Business discussion pp. 10–13; production/sales table p. 18,"Ownership, mines, routes, customers, national association statistics and mixed-product tonnage",Consolidated tonnage includes aluminum and other nonferrous products; no magnesium-only annual output extracted.,2026-09-27
S03,2025 ESG Report,Baowu Magnesium,2026-04-29,https://static.cninfo.com.cn/finalpage/2026-04-29/1225223882.PDF,Company overview and capacity/project descriptions,Existing capacity baseline and expansion scope,"Baseline, expansion and associate capacities must not be added as fully operating consolidated capacity.",2026-09-27
S04,Investor relations activity record,Baowu Magnesium,2026-01-28,https://static.cninfo.com.cn/finalpage/2026-01-28/1224953486.PDF,Questions on Qingyang mine and sales regions,Partial mine development and international markets,,2026-09-27
S05,China magnesium industry presentation,Lin Ruhai / International Magnesium Association conference,2018,https://cdn.ymaws.com/www.intlmag.org/resource/resmgr/conf2018/session3-1-lin-ruhai.pdf,2017 leading producers table,Historical company primary output and capacity,2017 figures only; not evidence of present operating scale or ownership.,2026-09-27
S06,"Chinese plant visits, November 2018",Asian Metal,2018,https://wap.asianmetal.com/cag/2018/visit2018112801En.shtml,Tianyu and Jinwantong visit notes,Facilities and historical capacities,"Historical visit, not current annual output.",2026-09-27
S07,Magnesium Summit 2019,Asian Metal,2019,https://www.asianmetal.com/Events_2019/2019MgF/Index_eventBM_en.asp,Tianyu chairman discussion,"Dolomite mining, transport and ferrosilicon supply constraints","Historical constraints, not a claim of a 2026 shortage.",2026-09-27
S08,Yinguang company profile,Shanxi Yinguang / Foundry directory,Undated; verified listing 2026-01-24,https://ygmg.foundry.cn/,Company introduction,"Integrated group, products and group capacity claims",Company-maintained marketing listing; not audited production.,2026-09-27
S09,Yinguang Huasheng company introduction,Yinguang Huasheng,Undated,https://ijzt.china9.cn/component/jwpagefactory/?company_id=5136&id=ODk3NDQ%3D&layout_id=10564&site_id=4922&view=page,Company profile,Huasheng capacity and product scope,Marketing capacity; boundaries differ from group-level Yinguang listing.,2026-09-27
S10,Wenxi magnesium industry reporting,Yuncheng Daily,2026-09-21,https://www.yunchengdaily.cn/content/2026-09/21/content_27118820.html,Huasheng and Bada factory reporting,Recent wheel-blank and vehicle housing activity,Downstream activity does not establish full utilization of each primary smelter.,2026-09-27
S11,Company overview,Shanxi Bada Magnesium,Undated,https://www.chinese-mg.com/en/,About us / company overview,"Dolomite mine distance and resource claim; ownership, capacity and undated output",Search-indexed company text; full page retrieval timed out. Group OEM references are not direct smelter customer evidence.,2026-09-27
S12,Magnesium output and operating updates,Mysteel,2026-03-10,https://list1.m.mysteel.com/zhishi/meichanliang.html,Jinwantong maintenance notice dated March 10,Temporary shutdown and affected daily rate,Rolling topic page; restart not verified. Do not annualize daily rate.,2026-09-27
S13,Asian Metal visits Fugu Yide,Asian Metal,2026-02-04; visit 2025-12-27,https://wap.asianmetal.com/cag/2025/visit2026020402En.shtml,Plant visit and process description,Integrated capacities and facility-specific Pidgeon route,Capacity and product-grade yield language are not annual production or ore recovery.,2026-09-27
S14,China 2023 Minerals Yearbook,US Geological Survey,2026,https://pubs.usgs.gov/myb/vol3/2023/myb3-2023-china.pdf,"Structure of mineral industry table, magnesium",Chinese producer/facility screening and capacity estimates,Historical structural table; some site/province entries conflict with company sources.,2026-09-27
S15,2025 Annual Report,Rare Earth Magnesium Technology Group,2026-04-30,https://www1.hkexnews.hk/listedco/listconews/sehk/2026/0430/2026043000040_c.pdf,Management discussion; magnesium products sales,2025/2024 sales volume and business context,Sales combine magnesium products; not primary production.,2026-09-27
S16,Inside information: financial and business update,REMT; filing reproduced by CFi,2026-08-19,https://www.cfi.net.cn/p20260819003853.html,Business update paragraphs,Hami temporary production suspension arrangements; Baishan ore-powder business,Filing mirror. Planned suspension timing is not an independently verified restart date.,2026-09-27
S17,Acquisition circular,REMT / HKEX,2017-10-26,https://www.hkexnews.hk/listedco/listconews/sehk/2017/1026/ltn201710261085.pdf,Baishan mine technical/business description,"Dolomite mine location, historical resource and mining capacity",Historical Baishan data cannot be assigned to Hami.,2026-09-27
S18,2025 Annual Report / Form 20-F,ICL; filing mirror,2026-03-11,https://financialfilings.com/filings/icl-group-ltd/annual-report/2026/32926978/,Dead Sea operations; magnesium; potash process and risk discussion,"2025 metal output, integrated brine/carnallite chain, regional markets and constraints",Company filing reproduced by FinancialFilings; magnesium chloride production is a separate compound.,2026-09-27
S19,2024 Annual Report / Form 20-F,ICL / Tel Aviv Stock Exchange,2025-03,https://mayafiles.tase.co.il/rpdf/1650001-1651000/P1650877-00.pdf,Dead Sea operations and magnesium production discussion,"2024 magnesium metal output of approximately 17,000 t; ownership and operating context",,2026-09-27
S20,Dead Sea concession report,Government of Israel,2024-09-16,https://www.gov.il/BlobFolder/news/press_16092024/en/PressReleases_eng_press_16092024_file2.pdf,Paragraphs 151–153,"Integration of Dead Sea brine, carnallite, potash and magnesium",,2026-09-27
S21,Aluminium and magnesium production: changes and perspectives,METAL 2016 conference,2016,https://www.confer.cz/metal/2016/download/1804-aluminium-and-magnesium-production-changes-and-perspectives.pdf,DSM magnesium electrolysis discussion,Facility-specific VAMI electrolytic route,"Historical technical description, not a current equipment audit.",2026-09-27
S22,Israel mineral industry country page,US Geological Survey,2024 industry data,https://www.usgs.gov/centers/national-minerals-information-center/israel,Mineral industry structure,Alternative DSM capacity figure,"21,000 t/y differs from MCS 2026 country capacity 34,000 t/y; unresolved boundary/date discrepancy.",2026-09-27
S23,"Circular SECEX 90, 23 September 2026",Brazil SECEX; reproduced by Legisweb,2026-09-23,https://www.legisweb.com.br/legislacao/?id=501871,"Domestic manufacturing process, §3.2, numbered stages i–viii","RIMA domestic primary production share, feed preparation and reductant mix; Bocaiúva reduction/condensation sequence and cycle description","Reproduction of government notice; company production tonnage withheld. Stage i states 85% dolime / 15% FeSi, while stage iv reverses the corresponding percentages in its wording; the report uses the explicit stage-i formulation and does not infer a measured consumption ratio.",2026-09-27
S24,Resolution GECEX 569,Brazil GECEX; reproduced by Legisweb,2024,https://www.legisweb.com.br/legislacao/?id=456519,Product and domestic manufacturing sections,RIMA metal purity and production process,Product purity is not dolomite grade.,2026-09-27
S25,Interview with Ricardo Vicintin,O Tempo,2026-07-04,https://www.otempo.com.br/minas-sa/2026/7/4/ricardo-vicintin-do-grupo-rima-criou-gigante-da-metalurgia-global,RIMA founder interview,"22,000 t/year statement and Embraer development work","Undated annual run-rate statement, not a dated annual production account.",2026-09-27
S26,Dolomite mining post,RIMA Industrial,Undated,https://pt.linkedin.com/posts/rimaindustrial_magnesio-industria-dolomita-activity-7009567775870361600-wJ--,Company post,Own high-purity dolomite resource,No numerical assay or specific mine name in accessible text.,2026-09-27
S27,"SMZ produces its 1,250,000th tonne of magnesium",Solikamsk Magnesium Works,2025-02-04,https://www.smw.ru/news/novosti/smz-vypustil-1-250-000-tonn-magniya/,Corporate news,"Operating continuity, Rosatom affiliation and electrolytic production","Lifetime cumulative production, not annual output.",2026-09-27
S28,2024 Annual Report,Uralkali,2025,https://www.uralkali.com/upload/iblock/d1f/ybkimixkd5jmjdoarqtsrtnums0m1hai/uralkali_ar2024_eng.pdf,"pp. 146–147, deposits and mine facilities",Solikamsk-1 mines/processes carnallite at Verkhnekamskoye,Does not independently confirm current SMZ purchase contract.,2026-09-27
S29,Solikamsk Magnesium Works research note,RMG,2004-07-13,https://reports.aiidatapro.com/brokers/RMGEn/040713MGNZEN.pdf,Feedstock and integration discussion,Historical Uralkali supply and chlorine integration,Old broker source; current contract terms unknown.,2026-09-27
S30,Magnesium market bulletin,Shanghai Metals Market,2026-03-11,https://static-metal.smm.cn/production/subscribe/email/IozJG20260311155122.pdf,Russia operating discussion,Industry reports on SMZ upgrades and AVISMA cessation,"Secondary status signal; no audited annual production, and no independently verified current restart.",2026-09-27
S31,Magnesium element profile,L’Elementarium / Société Chimique de France,"Undated, accessed 2026",https://lelementarium.fr/element-fiche/magnesium/,World producers and Russia,Historical SMZ capacity and 2019 sales,Compilation with mixed dates; not used as a current company ranking.,2026-09-27
S32,Production,Ust-Kamenogorsk Titanium and Magnesium Plant,"Undated, accessed 2026",https://www.uktmp.kz/en/production,Shop No. 1 and titanium production,"Magnesium ingots, reducing agent and internal titanium chain",,2026-09-27
S33,Best available techniques reference for titanium and magnesium production; Decree 339,Government of Kazakhstan; Bizup reproduction,2025-05-14,https://bizup.kz/ru/documents/p2500000339,Table 1.4; §§3.7.1–3.7.7,"2021–2022 plant flow quantities and prepared carnallite specification; chloride preparation, electrolysis, metal refining and titanium-loop integration",Official original https://adilet.zan.kz/rus/docs/P2500000339 required unavailable rendering; readable mirror used. Table gives ranges without reliable assignment to a particular year. The sentence labeling KCl·MgCl2·2H2O as anhydrous is internally inconsistent; that formula is not reproduced as anhydrous material.,2026-09-27
S34,UKTMP audited financial statements for 2025 published,Kazakhstan Stock Exchange,2026-06-09,https://kase.kz/en/information/news/show/1568367,Issuer notice,Current reporting identity and financial filing availability,Notice does not provide annual physical magnesium production.,2026-09-27
S35,Türkiye National Inventory Document 2026,Government of Türkiye / UNFCCC,2026,https://unfccc.int/sites/default/files/resource/TUR_NID_2026.pdf,§4.4.4 magnesium production,Kar Mineral as sole producer; dolomite silicothermic route since 2016,"National inventory description, not company actual annual tonnage.",2026-09-27
S36,Türkiye mineral industry country page,US Geological Survey,2024 industry data,https://www.usgs.gov/centers/national-minerals-information-center/turkey,Mineral industry structure,"Kar Mineral 15,000 t/y capacity",,2026-09-27
S37,Governor visits Kar Mineral,Emirdağ district government,2022,https://www.emirdag.gov.tr/vali-yigitbasidan-kar-mineral-madencilige-ziyaret,Factory visit,Emirdağ location and supported application sectors,No named customers or annual output.,2026-09-27
S38,Magnesium ingot project,Aramico,Undated,https://arami-co.com/fields-of-work/metallurgical-industry/magnesium-ignot/,Iran magnesium project,"2013 completion, thermal route and 6,000 t/y design scale",Contractor description; current operating rate and ownership not verified.,2026-09-27
S39,"Iran 6,000 t/a magnesium plant",ZK equipment supplier,Undated,https://www.zkcomp.com/cases/Iran-6000t/a-Mg-Plant-Project.html,Project case,Pidgeon route and project capacity,"Supplier case study, not annual production.",2026-09-27
S40,US Magnesium Chapter 11 case,"Stretto, claims agent",2025-09-10,https://cases.stretto.com/usmagnesium/,Case overview,Bankruptcy petition and company identity,Chapter 11 does not by itself prove closure; read with production evidence.,2026-09-27
S41,About US Magnesium,US Magnesium,Undated,https://usmagnesium.com/about-us-mag/,Company overview,"Rowley site and 63,500 t/y capacity",Legacy marketing capacity; not proof of current production.,2026-09-27
S42,Solar energy and concentration,US Magnesium,Undated,https://usmagnesium.com/environment/solar-energy/,Pond concentration discussion,Great Salt Lake brine concentration from 0.5% Mg to 9% Mg,Company-reported concentration basis; not annual recovery or consumption ratio.,2026-09-27
S43,US Magnesium canal continuation certification,Utah Department of Environmental Quality,Undated,https://deq.utah.gov/water-quality/us-magnesium-canal-continuation-project-section-401-water-quality-certification-decision,Project and lake access description,Brine access dependency as lake level declines,,2026-09-27
S44,VSMPO-AVISMA magnesium trade case,US Court of International Trade,2010,https://www.cit.uscourts.gov/sites/cit/files/10-93.pdf,Production and carnallite discussion,Historical carnallite feed and coupled magnesium/titanium loop,Historical evidence; current supply and primary operating status require separate confirmation.,2026-09-27
S45,2025 Annual Report,Magontec,2026-02,https://magontec.com/wp-content/uploads/2026/02/Magontec-Limited-2025-Annual-Report-Final.pdf,Business review; Qinghai closure; p. 10 primary alloy distribution,"Qinghai exit, European recycling, anodes, approximately 700 t H2 alloy shipments",Purchased alloy shipments are not primary production; no annual recycling tonnage extracted.,2026-09-27
S46,2024 Half Year Results Presentation,Magontec,2024-08,https://magontec.com/wp-content/uploads/2024/08/Magontec-2024-Half-Year-Results-Presentation.pdf,"p. 4, operations","24,000 t/y European recycling capacity",Historical installed capacity; utilization not supplied.,2026-09-27
S47,2024 Annual Report,Magontec,2025-02,https://magontec.com/wp-content/uploads/2025/02/Magontec-Limited-2024-Annual-Report-Final.pdf,Qinghai and recycling discussion,Historical primary/alloy chain and diecasting scrap returns,Scrap share of caster input is not furnace metal loss or ore recovery.,2026-09-27
S48,Products,Advanced Magnesium Alloys Corporation,Undated,https://amacor.us/products,Magnesium alloys and recycling services,Anderson recycling and alloy product/application scope,Customer identities and annual physical output not disclosed.,2026-09-27
S49,"Pure Magnesium from China, review publication 5420",US International Trade Commission,2023,https://www.usitc.gov/sites/default/files/publications/701_731/pub5420.pdf,US producers and confidential production tables; I-27 channels; II-15 qualification; V-1–3 pricing,"US processing industry, withheld quantities, historical purchasing/qualification and contracting practices","Redacted figures are unavailable, not zero. Market survey largely covers 2019–September 2022; it is not a current global survey.",2026-09-27
S50,AMACOR company listing,ScrapMonster,Undated,https://www.scrapmonster.com/scrap-yard/advanced-magnesium-alloys-corporation/36988,Company description,"50,000 t/y marketing capacity claim","Secondary directory, unverified vintage; not current nameplate assurance.",2026-09-27
S51,Machined magnesium guide,Luxfer MEL Technologies,2026,https://www.luxfermeltechnologies.com/knowledge-hub/machined-magnesium-guide/,Recycling machining waste,"Manchester scrap route, alloy segregation and contamination considerations",,2026-09-27
S52,Elektron finished parts,Luxfer MEL Technologies,Undated,https://www.luxfermeltechnologies.com/elektron-finished-parts/,Capabilities and applications,Alloy-to-finished-part chain and internal recycling,No primary extraction or plant-level annual mass figures disclosed.,2026-09-27
S53,Fugu aims for more than 100 kt of alloy production in 2026,CM Group,2026-03-18,https://www.cmgroup.net/news/fugu-aims-more-than-100-kt-of-mg-alloy-production-in-2026/,2025 Fugu industry figures,"557,700 t primary output and 802,500 t/y capacity",Regional aggregation overlaps all individual Fugu producers; not additive.,2026-09-27
S54,Magnesium statistics and information,US Geological Survey,Undated,https://www.usgs.gov/centers/national-minerals-information-center/magnesium-statistics-and-information,Commodity overview,General applications and metal/compound distinction,General industry uses are not producer-specific customer evidence.,2026-09-27
S55,Overview,Latrobe Magnesium,"Undated, accessed 2026",https://www.latrobemagnesium.com/overview,Demonstration plant and development options,Hydrometallurgical/thermal route and headline demonstration design,Website target dates and design scale may lag annual filings.,2026-09-27
S56,2026 Annual Report,Latrobe Magnesium; filing mirror,2026-09-25,https://financialfilings.com/filings/latrobe-magnesium-limited/annual-report/2026/61546901/,Review of operations pp. 4–16,"Actual MgO campaign, Phase 1B, ash supply, new US option and future counterparties",Financial year ends June 2026; subsequent events included. MgO assays must not be represented as metal purity.,2026-09-27
S57,Investor presentation,Latrobe Magnesium / ASX via MarketIndex,2026-04-30,https://www.marketindex.com.au/asx/lmg/announcements/investor-presentation-2A1669040,"Flow sheet, feedstock and offtake slides",Yallourn ash and Metal Exchange demonstration arrangements,Forward-looking presentation; later annual report governs updated scope.,2026-09-27
S58,First magnesium from Arkansas Smackover brine,Magrathea,2026-06-16,https://www.magratheametals.com/news/arkamagastm,Arkansas Magnesium and TETRA announcement,Technical metal production from TETRA brine; >99.9% product purity,"Demonstration sample, not sustained commercial production or feed assay.",2026-09-27
S59,Magrathea and Wogen sign offtake distribution partnership,Magrathea,2026-01-07,https://www.magratheametals.com/news/wogen,"January 7 announcement: Phase 1/2 distribution, 2029 market target and unnamed automaker","Future distribution/offtake; up to 7,000 t/y market-placement target; unnamed Big 3 pre-sales",Future commercial arrangement; no proof of current volume deliveries.,2026-09-27
S60,About us,Verde Magnesium,Undated,https://www.verdemg.com/about-us,Project and technology description,Romanian brucite project and proposed thermal route,"Development claims, not plant operation.",2026-09-27
S61,Strategic Project press release,Verde Magnesium,2025-03,https://www.verdemg.com/wp-content/uploads/2025/03/VerdeMg.SP_.Press_.Release.pdf,Budureasa development schedule,"30,000 t/y 2030 and up to 90,000 t/y 2036 targets","Forecasts, conditional on development; no actual output.",2026-09-27
S62,Alliance Magnesium / Tergeo insolvency proceedings,PwC Canada,2023 onward,https://www.pwc.com/ca/en/services/insolvency-assignments/alliancemagnesiumtergeo.html,Case timeline and documents,Insolvency status,Does not establish a successful subsequent primary-plant restart.,2026-09-27
S63,Alliance Magnesium becomes Tergeo,Company release via CNW,2023-04,https://www.newswire.ca/news-releases/alliance-magnesium-becomes-tergeo-a-company-dedicated-to-the-production-of-critical-minerals-and-to-environmental-remediation--816442021.html,Operations and future primary project,Serpentine tailings project and historical secondary operations,Pre-insolvency targets are not current operating capacity.,2026-09-27
S64,Exploitation licence for Rășinari–Săliște,MPI Magnesium,2026-09-09,https://mpimagnesium.com/2026/09/09/european-first-mpi-obtains-exploitation-license-for-the-integrated-magnesium-project-at-rasinari-saliste-sibiu-county/,Company licence announcement,"Valea Dobra serpentinite resource, Romanian company ownership, licence and compound-first project","Mine licence is not proof of metal production; assay, capacity and buyers not verified.",2026-09-27
S65,Responsible Raw Materials Report 2025,Volkswagen Group,2026,https://www.volkswagen-group.com/en/publications/more/responsible-raw-materials-report-2025-3229/download?disposition=attachment,Magnesium sourcing discussion,Indirect sourcing through alloys and components,Does not name a direct magnesium smelter contract.,2026-09-27
S66,Frequently asked questions — State purchase of US Magnesium assets,State of Utah / Great Salt Lake,2026; page undated,https://greatsaltlake.utah.gov/faq/,How did the state purchase US Magnesium?,"State acquisition of land, water rights and mineral rights; sale boundary",Certain fixtures and personal property were excluded; an asset purchase is not acquisition of the entire former operating company.,2026-09-27
S67,2026 Half Year Report,Magontec,2026-08-28,https://magontec.com/wp-content/uploads/2026/08/Magontec-30-June-2026-Half-Year-Report.pdf,Chairman pp.2–3; cathodic corrosion protection pp.8–10; Metals pp.11–12,"H1 2026 volume trends; recycling, primary-alloy trading and specialist-alloy markets",Percent changes are distinct overlapping measures; no new annual physical output or named primary supplier established. Chart values not transcribed from axis positions.,2026-09-27
S68,2025 Form 10-K,Luxfer Holdings PLC; filing mirrored by FinancialFilings,2026-02-24,https://financialfilings.com/filings/luxfer-holdings-plc/annual-report/2026/32887439/,Item 1: Elektron/raw materials/end markets; Item 2: properties,"Parent ownership, Manchester facility, rare-earth inputs, specialty Mg alloy applications",Group-level market evidence is not a Manchester customer allocation; segment revenue includes zirconium and is not metal tonnage.,2026-09-27
S69,"Form 10-Q, quarter ended 28 June 2026",Luxfer / SEC,2026-07,https://www.sec.gov/Archives/edgar/data/1096056/000143774926024682/lxfr20260628_10q.htm,Notes 15–16; MD&A Elektron sales,"MEL within Elektron, proposed ownership transaction, aerospace-alloy sales trend",Financial sales commentary does not establish site-level tonnes.,2026-09-27
S70,Form 8-K: acquisition regulatory milestone,Luxfer / SEC,2026-09-09; event 2026-09-08,https://www.sec.gov/Archives/edgar/data/1096056/000207709626000244/ea0304990-8k_luxfer.htm,Item 8.01,Wynnchurch-backed proposed acquisition; remaining closing conditions,Expiration of one waiting period is not transaction completion.,2026-09-27
S71,Magrathea backed by $100M to rebuild American magnesium production,Magrathea,2026-05-05,https://www.magratheametals.com/news/100million,Paragraphs describing March JV agreement and engineering,Arkansas Magnesium JV established in March 2026,Company development announcement; no commercial annual output.,2026-09-27
S72,Magrathea and Cargill sign brine supply agreement,Magrathea,2024-04-02,https://www.magratheametals.com/news/cargill,Pilot scale-up source material and San Francisco Bay salt co-products,Named pilot feedstock supplier and seawater origin,Pilot supply must not be substituted for the separate Arkansas TETRA feed chain.,2026-09-27
S73,Projet 4M2 — former Tergeo site redevelopment,Ville de Val-des-Sources,Undated; reviewed 2026-09-27,https://valdessources.ca/affaires/projet-4m2/,"FAQ: acquisition, Exterra partnership and existing infrastructure",Municipal redevelopment agreement with Exterra; former-site mineral material and assets,Page describes an acquisition agreement and future site use; it does not establish commercial magnesium restart or final title allocation.,2026-09-27
S74,"Un parc industriel, quatre quartiers et une vision unifiée",Ville de Val-des-Sources,2026-05-29,https://valdessources.ca/actualites/un-parc-industriel-quatre-quartiers-et-une-vision-unifiee/,Former Tergeo assets now quartier 4M2,Dated confirmation of site redevelopment direction,Industrial redevelopment is not a magnesium-metal commissioning announcement.,2026-09-27
S75,A Strategic Project in the European Union — IMA presentation,Verde Magnesium / IMA,2025 conference; slides undated,https://cdn.ymaws.com/www.intlmag.org/resource/collection/1B278489-BEAC-4779-8813-E1E6F7D06DEA/IMA-Verde-Magnesium-Alex-Rosu-Tues-11-20-11-40.pdf,"Slides 3, 10, 13, 18–19: sponsor, resource and pilot diagram",Brucite ore and concentrate MgO bases; aluminothermic route; illustrated pilot material flows,"Company presentation, not an audited operating mass balance; moisture basis and impurities unspecified. Slide 19 visually checked; route T2 must be kept separate from T1/T3.",2026-09-27
S76,Verde Magnesium: Europe’s Critical Minerals Comeback,EME Outlook; interview with CEO Alexandru Rosu,2026-05-26,https://www.emeoutlookmag.com/mining/verde-magnesium-europes-critical-minerals-comeback,"Sustainable, Low-Carbon Future; Delivering on the Future","360 t/y Mother Plant, quarry restart target, 30,000 t/y by 2030 and pending firm offtake",Executive development claims in an industry profile; targets are not actual production. Environmental superlatives are not adopted.,2026-09-27
S77,Project information — Questions and Answers,MPI Magnesium,Updated 2026-09-22,https://mpimagnesium.com/faq/,Questions 2–4 and 18–19,Serpentinite feed; compound-first phases; metal only possible Phase 3; technology not selected,Licence does not automatically authorize mining/construction. No operating metal output or selected metal process.,2026-09-27
S78,Notice: consolidated bankruptcy liquidation of Huiye and three related companies,Court bankruptcy information platform / appointed administrator,2026-04-30,https://pccz.court.gov.cn/pcajxxw/pcgg/ggxq?id=40709488462a4166870b4d4f41cad46e,Opening paragraphs: 2020 acceptance; 9 March 2026 consolidation,Huiye legal liquidation status,Legal entity status does not establish whether a successor operates any former plant.,2026-09-27
S79,About Regal Metal and development history,Regal Metal,Undated; timeline through 2026,https://regal-metal.com/api/about.html,"Company introduction, 1999/2017/2025 history, facility distribution","30,000 t/y primary and 100,000 t/y alloy design claims; historical VW supply and DJI qualification",Undated marketing capacity; group includes large aluminum operations. Qualifications and historical supply do not prove current Mg deliveries.,2026-09-27
S80,Salt Lake Magnesium produces magnesium again — anhydrous chloride electrolysis progress,"Huixin, published by China Nonferrous Metals News",2025-05-13,https://www.cnmn.com.cn/ShowNews1.aspx?id=461529,Melting/purification and electrolysis trial sections,Prepared-melt MgO impurity limit; 4# cell trial liquid metal and cast ingot amounts,"One-cell trial campaign, not whole-site annual output. Liquid metal and cast ingot are overlapping streams; MgCl2 recovery is not raw-brine-to-metal yield.",2026-09-27
S81,Zhu Kebing visits China Salt Lake and inspects safety,China Minmetals,2026-09-14,https://cmnltd.minmetals.com.cn/jtdt/202609/t20260914_317704.html,13 September site visit; 8·22 magnesium project monthly meeting,Expanded-trial closeout and pilot construction within the integrated magnesium project,Project progress does not establish whole-site annual production or prove the entire existing plant is shut.,2026-09-27
S82,2026 Half-Year Report,Baowu Magnesium; filing reproduced by Sina Finance,2026-08-25,https://money.finance.sina.com.cn/corp/view/vCB_AllBulletinDetail.php?id=12522497&stockid=002182,Management discussion: mining business and resource/industrial-chain advantages (report pp.10–12),Mine development boundaries; Gansu ferrosilicon first furnace; Anhui Baomei ramp-up,Resource holdings and total project FeSi nameplate do not prove current feed availability or annual Mg output.,2026-09-27
S83,Magnesium Anodes — Wenxi Yinguang,Newport Metals,Undated; current page reviewed 2026-09-27,https://www.newportmetals.net/magnesium-anodes.html,Wenxi Yinguang and Magnesium Anodes sections,Exclusive North American cast-anode distribution; pipe and tank protection markets,"Undated 50,000 t/y output wording is not accepted as a dated annual actual. Other extruded products are not automatically attributed to Yinguang.",2026-09-27
S84,Asian Metal visits Shanxi Bada Magnesium,Asian Metal; firsthand plant visit,2026-03-03; visit 2026-01-24,https://wap.asianmetal.com/cag/2026/visit2026030302En.shtml,Opening visit and company-description paragraphs,"Current integrated mining, primary smelting, processing and recycling activity","150,000 t/y total designed capacity spans products and is not a primary-metal capacity.",2026-09-27
S85,Salt-lake industry moves toward broader development,Qinghai Daily / Qinghai News,2026-07-16,https://www.qhnews.com/newscenter/system/2026/07/16/030583845.shtml,Industry-chain section: 金属镁10万吨达标达产,"Reported design-operation milestone for 100,000 t/y magnesium project","Indexed article passage read; direct fetch redirected unsuccessfully. No annual period, actual tonnage table or clear entity boundary; not reconciled with September project-trial reporting.",2026-09-27
S86,Governor visits idle magnesium-ingot production unit,"Iran Ministry of Interior, attributed by KhabarFarsi",2026-09-04 (1405/06/13),https://khabarfarsi.com/w/moi.ir/date/14050613,00:01 entry: بازدید استاندار خراسان جنوبی از واحد راکد تولید شمش منیزیم,Royal/Ferdows operation described as idle,"Original ministry article could not be retrieved; government-attributed aggregator text supports a qualified status, not audited output.",2026-09-27
S87,Leases & Permits — Special Competitive Lease Offering,"Utah Division of Forestry, Fire and State Lands",Undated; offering present September 2026,https://ffsl.utah.gov/state-lands/sovereign-lands/permits/,Competitive Lease Offerings: former US Magnesium site,Mineral-extraction and processing redevelopment invitation,"Invitation is not an awarded lease, selected operator or evidence of Mg restart.",2026-09-27
S88,Magnesium industry development meeting at Jinwantong,"Fugu official account, reproduced by Mysteel",2026-02-09; meeting 2026-02-04,https://thj.m.mysteel.com/a/26020911/778E924175D0DCFE_abc.html,Final paragraph: silicothermic Mg99.95A demonstration line,Facility-specific silicothermic route and stable trial operation,Indexed reproduction read; full-page fetch unavailable. Trial line and final-product designation do not establish whole-plant utilization or feed assay.,2026-09-27
S89,Start of modernization and major repair,Solikamsk Magnesium Works,2026-02-17,https://www.smw.ru/news/novosti/start-modernizatsii-i-kapremonta/,Opening magnesium-electrolysis department paragraphs,Current carnallite dehydration and magnesium electrolysis process evidence,Company article read via indexed text; direct fetch unavailable. Furnace feed rating is not magnesium output.,2026-09-27
S90,YIZUMI Powers Magnesium Mass Production for SERES & Baowu Magnesium,YIZUMI,2026-05-22,https://www.yizumi.com/en/news/product/DCM/yizumi-powers-magnesium-mass-production-for-seres-baowu-magnesium,Magnesium structural-part production announcement,SERES-related current downstream component chain,Equipment supplier announcement; not magnesium ingot offtake or annual metal tonnage.,2026-09-27
S91,ICL Reports Second Quarter 2026 Results,ICL,2026-08-05,https://investors.icl-group.com/reports-news-and-events/press-releases/press-releases-details/2026/ICL-Reports-Second-Quarter-2026-Results/default.aspx,Industrial Products / magnesium sales discussion,Newer financial reporting check,Sales commentary does not replace the 2025 annual magnesium-metal tonnage; compounds and other segment products remain separate.,2026-09-27
S92,Interim results for six months ended 30 June 2026,REMT; filing mirror at FinancialFilings,2026-08-31,https://financialfilings.com/filings/rare-earth-magnesium-technology-group-holdings-limited/interim-quarterly-report/2026/60246212/,Business review: magnesium-product sales volume,"H1 2026 sales 1,680 t versus H1 2025 6,165 t","Exact indexed filing text verified; full mirror and official HKEX PDF not retrieved. These are product sales, not annual or primary production.",2026-09-27
S93,LMG Investor Presentation,Latrobe Magnesium; issuer document mirrored by Market Index,2026-09-22,https://www.marketindex.com.au/asx/lmgn/announcements/lmg-investor-presentation-22092026-2A1698323,Slides 16–17: Phases 1B and 1C,0.5 kt/y crude crowns followed by 0.5 kt/y refined ingots; same process stream,Indexed presentation transcription checked; PDF diagram not visually verified. These sequential design capacities must not be added.,2026-09-27
S94,Convertible bond prospectus: historical Qinghai brine-purification contract,Jiangsu Jiuwu Hi-Tech; issuer filing reproduced by Sina Finance,2026-07-16,https://vip.stock.finance.sina.com.cn/corp/view/vCB_AllBulletinDetail.php?id=12448670&stockid=300631,Printed p. 1-1-168: other equity instruments / former Qinghai customers,"Historical contract explicitly names the 100,000 t/y magnesium-metal plant and purchased brine-purification equipment/design services","Historical supplier contract confirms project design scale, not current utilization, annual metal production or present ownership. Read in issuer-filing reproduction.",2026-09-27
S95,ASTM B92/B92M-17(2025): Unalloyed Magnesium Ingot and Stick for Remelting,ASTM International,2025-05-20,https://store.astm.org/b0092_b0092m-17r25.html,Public scope and abstract,"Current edition, grade names and scope; composition and surface-cleanliness requirements",Public abstract reviewed; licensed composition table not accessed. Supplier examples are not reproduced as the complete ASTM specification.,2026-09-27
S96,ISO 8287:2021: Unalloyed magnesium — Chemical composition,International Organization for Standardization,2021-06,https://www.iso.org/standard/75101.html,Scope; edition and life-cycle record,Cast unalloyed magnesium from thermal or electrolytic routes; classification and testing scope,Public summary only; full numerical standard not accessed. Review closed September 2026; no superseding edition shown at cutoff.,2026-09-27
S97,Pure Magnesium Powders for Commercial Applications,Luxfer Magtech,2020,https://luxfermagtech.com/wp-content/uploads/2020/07/Luxfer-Data-Sheets-Pure-Magnesium-Powders-for-Commercial-Applications-7.pdf,Pages 1–2; form/size and chemical composition tables,"Published standard and ultra-high-purity powder compositions, forms and applications","Supplier product specification, not a batch assay or universal buyer requirement. Page 2 visually checked; percentages reproduced as published. This is Luxfer Magtech, distinct from the MEL site profile.",2026-09-27
S98,AZ91D product specification,MagReTech,Undated,https://magretech.us/products/az91d/,Specification and applications,Supplier alloy composition ranges and selected trace-element values,"Page gives isolated trace values without an explicit maximum sign or analytical method; these are labeled as listed values, not independently certified current ASTM limits.",2026-09-27
S99,The effect of iron re-deposition on the corrosion of impurity-containing magnesium,Höche et al.; Physical Chemistry Chemical Physics / PubMed,2016-01-14,https://pubmed.ncbi.nlm.nih.gov/26660298/,Abstract; DOI 10.1039/c5cp05577f,Experimental evidence of iron-impurity effects on magnesium corrosion,"Mechanism study, not a universal impurity tolerance or procurement standard.",2026-09-27
S100,Global Nonferrous Metals — Specifications Guide,S&P Global / Platts,2026-07,https://www.spglobal.com/content/dam/spglobal/ci/en/documents/platts/en/our-methodology/methodology-specifications/metals/nonferrous-specifications.pdf,Printed pp. 42–43: magnesium assessment table and explanations,"US pure/alloy and Rotterdam assessments; quality, delivery, size and price units",Fetched document says July 2026 although search snippet said June. Web PDF text checked; direct local download returned 403. Methodology defines assessments; it is not a current price quotation.,2026-09-27
S101,FOB Tianjin 9990 Magnesium Ingot: price definition,Shanghai Metals Market,Undated; accessed 2026-09-27,https://www.metal.com/magnesium/202105250002,Price details: SMM-MG-IG-005,"99.9% minimum ingot, GB/T 3499-2023 reference and FOB Tianjin USD/t assessment basis",Benchmark specification only; no point-in-time price copied. The Chinese standard itself was not independently retrieved.,2026-09-27
S102,"Services: marketing, procurement, logistics and financing",Wogen,Undated,https://www.wogen.com/services/,Four service categories,Roles of specialist commodity traders and long-term procurement,"General services description, not proof that each magnesium transaction includes all services or any named customer contract.",2026-09-27
S103,Special report 04/2026: Critical raw materials for the energy transition,European Court of Auditors,2026,https://www.eca.europa.eu/ECAPublications/SR-2026-04/SR-2026-04_EN.pdf,"Paragraph 03 and Figure 1, printed pp. 4–5",China share of EU magnesium supply and historical statistical boundary,Figure uses 2016–2020 supply data. The 97% figure is not a 2026 trade estimate or directly comparable with US import-source percentages.,2026-09-27
S104,High-potential magnesium anodes,Houston Anodes,Undated,https://houstonanodes.com/high-potential.html,Chemical composition and electrochemical properties,Supplier-listed magnesium-anode impurity limits and separate electrochemical performance criteria,Public supplier page; only selected chemical limits reproduced. Not a full ASTM B843 table or an independently verified service-life guarantee.,2026-09-27
S105,Incoterms 2020 checklist and flowcharts,International Chamber of Commerce,2024 update,https://library.iccwbo.org/content/clp/Others/incoterms_2020_checklist_2024-update.pdf,"EXW, FOB, CIF and DDP selection guidance",Cost and delivery-risk distinctions between trade terms,"General commercial explanation; does not determine a particular sale contract, title transfer, tax or duty rate.",2026-09-27
S106,"NACCS commodity codes, 1 January 2026 edition",Japan Customs,2026-01-01,https://www.customs.go.jp/tariff/2026_01_01/naccscode202601_9.html,Heading 8104 entries,"Separate categories for high-purity ingot, other ingot, scrap, powder/granules and other articles",Japanese national statistical list used to illustrate shared six-digit HS categories; national subdivisions and exact legal coverage differ.,2026-09-27
S107,About Magnesium — production routes,International Magnesium Association,Undated,https://www.intlmag.org/page/basics_about_mg_ima,Where is Magnesium Found?,Thermal vapor/condensation sequence; molten-chloride electrolysis and indicative temperature range,General technical explanation; undated country/plant list is not used for current status.,2026-09-27
S108,AP-42 §12.12: Secondary Magnesium Smelting,US Environmental Protection Agency,1994-11,https://www.epa.gov/sites/production/files/2020-11/documents/c12s12.pdf,"§12.12.2, p. 12.12-1","Sorting, remelting, flux treatment, settling and composition adjustment",Historical flux-based process description; not a present-day recipe for any named recycler. Aluminum-can recycling is not treated here as production of separate magnesium ingot.,2026-09-27
S109,Microstructural insight into the thermal decomposition of MgCl2·6H2O examined by in-situ high-temperature X-ray powder diffraction,"Journal of Solid State Chemistry, vol. 322, article 123965",2023-06,https://www.sciencedirect.com/science/article/pii/S0022459623001330,Abstract and highlights; DOI 10.1016/j.jssc.2023.123965,"Experimental evidence that heating hydrated MgCl2 can cause hydrolysis, oxychloride formation and MgO formation","Public abstract reviewed; laboratory results explain the mechanism, not a commercial plant operating schedule.",2026-09-27
S110,Production of Magnesium Metal from Turkish Calcined Dolomite Using Vacuum Silicothermic Reduction Method,"Materials Science Forum 488–489, pp. 39–42",2005,https://www.scientific.net/MSF.488-489.39,Public abstract; DOI 10.4028/www.scientific.net/MSF.488-489.39,"Experimental feed assays, ferrosilicon specification, 1 mbar and 1,200 °C test conditions",Laboratory study; not Kar Mineral production data or a current industrial yield guarantee.,2026-09-27
S111,Lightweight Materials for Automotive Application: An Assessment of Material Production Data for Magnesium and Carbon Fiber,M.C. Johnson and J.L. Sullivan; Argonne National Laboratory,2014,https://publications.anl.gov/anlpubs/2014/09/107574.pdf,"§2.1, printed pp. 4–10; Table 3, p. 7 (PDF p. 15); §2.2","Process chain, historical DLR 2013 input inventory, and limitations of energy comparisons","Historical literature-based inventory, not a current plant audit. Table 3 coke-oven-gas case visually verified. AMC reference plant never operated; no modeled AMC data are presented as operating output.",2026-09-27
S112,SCRREEN2 factsheet: Magnesium,EU-funded SCRREEN2 project,2023 file release,https://scrreen.eu/wp-content/uploads/2023/03/SCRREEN2_factsheets_MAGNESIUM.pdf,"Supply / processing, pp. 21–22; Figure 16","Dolomite calcination, silicothermic reduction and magnesium condensation",Route-level reference compiled from earlier technical work; not used to assign current operating status or plant-specific performance.,2026-09-27
S113,Recycling Magnesium,International Magnesium Association,Undated,https://www.intlmag.org/page/sustain_recycle_ima,Methods for Recycling,"Flux and fluxless recycling; scrap segregation; iron, nickel and copper control",Industry-wide explanation. No particular recycling treatment or energy percentage is assumed for a named producer.,2026-09-27
S114,Process — magnesium fabrication and recycling,International Magnesium Association,Undated,https://www.intlmag.org/page/resource_process_ima,Process overview,"Alloying, casting, wrought products and subsequent fabrication","General process chain, not evidence of a specific company’s customer or production allocation.",2026-09-27
S115,Mineral Industry Surveys — Magnesium in the Second Quarter 2026,US Geological Survey,2026; data through 2026-08-12,https://d9-wret.s3.us-west-2.amazonaws.com/assets/palladium/production/s3fs-public/media/files/mis-2026q2-mgmet.pdf,"Table 1, PDF p. 2; General Information data-availability date",Revised 2025 and January–June 2026 US imports by product; category-specific magnesium-content basis,"Table visually verified. Imports are not primary production or consumption. First-half data are not annualized. Rounded totals; some 2025 entries revised. Export categories have different weight bases, so gross totals cannot form a magnesium-content balance.",2026-09-27
S116,Final Scientific/Technical Report: Industrial Scale-Up of Low-Cost Zero-Emissions Magnesium by INFINIUM Electrolysis,"INFINIUM / US Department of Energy, OSTI",2018-03-22; project reporting period 2011-10-01 to 2017-06-30,https://www.osti.gov/servlets/purl/1431302,"Executive summary, PDF pp. 2–4; pure magnesium electrolysis and subsequent Mg–Nd master-alloy development","Historical US oxide-fed electrolysis; fluoride bath, oxygen-producing zirconia anodes, magnesium collection and durability challenges; later product shift","Historical R&D, not current operating capacity. Report-title emissions claim is not treated as a verified whole-plant life-cycle result. A reported 170-hour tube campaign is not commercial service life; master-alloy output is not pure magnesium-ingot output.",2026-09-27
S117,"Project Selections for FOA 3105: Critical Material Innovation, Efficiency, and Alternatives — Set 4",US Department of Energy,2026 selection round; accessed 2026-09-27,https://www.energy.gov/cmei/mining/project-selections-foa-3105-critical-material-innovation-efficiency-and-alternatives,Area 1B: Domestic Primary Production of Magnesium Metal from Common Ore and Scrap Aluminum,"Big Blue Technologies dolomite/aluminum-scrap route; 2,000-hour continuous-operation demonstration goal; planned DOE/non-DOE funding","Project selection and targets, not completed demonstration, disbursed funding or annual commercial production. General applications are not named customer contracts.",2026-09-27
S118,Big Blue Technologies Breaks Ground on Commercial Demonstration Plant in Cheyenne,Big Blue Technologies,2026-04-15; status update 2026-08-12,https://bigbluetech.com/commercial-demo/,"Three-smelter capacity, January 2027 first-metal target and August construction update",Cheyenne demonstration site; Garrison Minerals site partner; company capacity target and construction status,Company statement. Capacity is stated in “tons” without a metric/short-ton definition and is retained verbatim. First metal remains a future target; construction is not commissioned production.,2026-09-27
S119,Pilot-Scale Validation Completed: BBT Moves to Build Commercial Smelter,Big Blue Technologies,2026-01-05,https://bigbluetech.com/pilot-scale-validation-completed-bbt-moves-to-build-commercial-smelter/,"2025 pilot campaigns, purity claim and planned commercial transition",Company-reported pilot magnesium above 99.9% purity; development evidence,"Company test claim, not independent product certification or annual operating output. Earlier scale and timing targets are superseded here by the later Cheyenne announcement.",2026-09-27
S120,Big Blue Technologies and Baymag Ink Supply Agreement,Big Blue Technologies,2025-01-01,https://bigbluetech.com/big-blue-technologies-and-baymag-ink-supply-agreement/,Letter of Understanding; Baymag supplier description,Proposed purchased MgO supply from Canadian Baymag; separate from raw-dolomite process description,"Letter of Understanding, not proof of deliveries. No time basis or explicit ton convention for the stated supply quantity. Earlier demonstration capacity is not carried forward as the latest target.",2026-09-27
S121,Identification and Description of Mineral Processing Sectors and Waste Streams — Magnesium and Magnesia from Brines,US Environmental Protection Agency,1998-04,https://archive.epa.gov/epawaste/nonhaz/industrial/special/web/pdf/part6.pdf,"PDF pp. 66–67 (zero-based pages 65–66), Hydrous Magnesium Chloride Feed and Exhibit 4; PDF p. 71, Magnesia from Brines","Historical Dow hydroxide precipitation, washing, acid conversion, chloride purification and hydrous-feed electrolysis; chlorine-to-HCl recycling; hydroxide calcination","Historical process account, not current plant status or a modern equipment specification. Hydrous chloride is an explicit Dow exception, not permission to feed wet hydroxide to a conventional dry-chloride cell.",2026-09-28
S122,Our Process — Magnesia Production,Martin Marietta Magnesia Specialties,Undated,https://magnesiaspecialties.com/company/process,"Magnesia Production, three process paragraphs","Brine plus dolomitic lime; settling, filtration and washing; hydroxide slurry, powder and MgO product branches","Producer process description. No feed-to-metal recovery, available merchant capacity or metal-plant supply contract disclosed.",2026-09-28
S123,FloMag H — Magnesium Hydroxide Slurry for Wastewater Treatment,Martin Marietta Magnesia Specialties,2025-03-05 version,https://www.magnesiaspecialties.com/technical-data-sheets/FloMag-H.pdf,One-page technical sheet: Aqueous Suspension; Dry Solids Basis; Packaging; Storage,Typical versus minimum solids and hydroxide assay; calcium typical value; bulk transport and storage requirements,"PDF visually checked. Wastewater-treatment product, not certified metal-cell feed. Typical values are not guaranteed minima. Derived Mg content and slurry requirements are analyst calculations, not supplier metal yields.",2026-09-28
S124,MagChem MH 10 ULC — Specialty Grade Magnesium Hydroxide Powder,Martin Marietta Magnesia Specialties,2025-03-05 version,https://www.magnesiaspecialties.com/technical-data-sheets/MagChem_MH_10_ULC.pdf,"One-page technical sheet: Composition (Dry Basis), Free Moisture and Physical Properties","Brine/dolomitic-lime origin; dry hydroxide assay; CaO, SiO2, Fe2O3, Al2O3, chloride and sulfate limits; separate free moisture and loss on ignition",PDF visually checked. Oxide equivalents and hydroxide assay must not be added together. Product specification is not a universal magnesium-metal process acceptance standard.,2026-09-28
S125,Magnesium hydroxide — LUVOMAG standard grades,Lehmann&Voss&Co. / LEHVOSS Magnesia,Undated,https://www.lehvoss.de/en/Magnesia/products/magnesium-hydroxide,"Typical-values table, natural Brucite row",Commercial natural brucite example: hydroxide and impurity values; granular and milled forms,"Distributor typical values, not contractual limits or a representative assay of all brucite deposits. Mine, uncommitted tonnage and metal-process qualification are not given.",2026-09-28
S126,Influence of Operational Strategies for the Recovery of Magnesium Hydroxide from Brines at a Pilot Scale,"C. Morgante et al.; Industrial & Engineering Chemistry Research 61, 15355–15368",2022-10-04,https://iris.unipa.it/retrieve/5a7a0590-5b28-409f-8cd2-4ed1512bd3b1/acs.iecr.2c02935.pdf,"DOI 10.1021/acs.iecr.2c02935; §2.1 and §4, printed pp. 15359 and 15365–15366",MgCl2/NaOH precipitation experiments; effects of operating conditions and seed recycling on settling and filtration,"Original pilot research using synthetic MgCl2-only solutions. Not real-brine impurity validation, commercial metal output, or evidence of a current delivered feedstock price.",2026-09-28
S127,Magnesium Compounds Statistics and Information,US Geological Survey,Undated overview; accessed 2026-09-28,https://www.usgs.gov/centers/national-minerals-information-center/magnesium-compounds-statistics-and-information,"Magnesium Compounds Insights and Data, introductory resource and use paragraphs",Commercial mineral and brine resource families; separate magnesium-compound and magnesium-metal statistics,"General resource context only. No hydroxide market size, plant availability, price or new 2026 production figure is inferred.",2026-09-28
S128,Benefits of Using FloMag H Magnesium Hydroxide Slurry for Wastewater Treatment,Martin Marietta Magnesia Specialties,2022-02-07,https://magnesiaspecialties.com/blogs/benefits-of-flomag-magnesium-hydroxide-slurry-for-wastewater-treatment,Synthetic High-Purity paragraph,"Manistee, Michigan manufacturing location and underlying natural magnesium-rich brine",Dated supplier description. Marketing comparisons and exclusivity claims are not adopted; no available tonnage or metal-producer customer relationship is established.,2026-09-28
